2986043,Pic de Font Blanca,Pic de Font Blanca,"Pic de Font Blanca,Pic du Port",42.64991,1.53335,T,PK,AD,,0,,,,0,,2860,Europe/Andorra,05-11-14
2994701,Roc M√©l√©,Roc Mele,"Roc Mele,Roc Meler,Roc M√©l√©",42.58765,1.74028,T,MT,AD,"AD,FR",0,,,,0,,2803,Europe/Andorra,05-11-14
3007683,Pic des Langounelles,Pic des Langounelles,Pic des Langounelles,42.61203,1.47364,T,PK,AD,"AD,FR",0,,,,0,,2685,Europe/Andorra,05-11-14
3017832,Pic de les Abelletes,Pic de les Abelletes,"Pic de la Font-Negre,Pic de la Font-N√®gre,Pic de les Abelletes",42.52535,1.73343,T,PK,AD,FR,A9,66,663,66146,0,,2411,Europe/Andorra,05-11-14
3017833,Estany de les Abelletes,Estany de les Abelletes,"Estany de les Abelletes,Etang de Font-Negre,√âtang de Font-N√®gre",42.52915,1.73362,H,LK,AD,FR,A9,,,,0,,2260,Europe/Andorra,05-11-14
3023203,Port Vieux de la Coume d‚ÄôOse,Port Vieux de la Coume d'Ose,"Port Vieux de Coume d'Ose,Port Vieux de Coume d‚ÄôOse,Port Vieux de la Coume d'Ose,Port Vieux de la Coume d‚ÄôOse",42.62568,1.61823,T,PASS,AD,,0,,,,0,,2687,Europe/Andorra,05-11-14
3029315,Port de la Cabanette,Port de la Cabanette,"Port de la Cabanette,Porteille de la Cabanette",42.6,1.73333,T,PASS,AD,"AD,FR",B3,9,91,9139,0,,2379,Europe/Andorra,05-11-14
3034945,Port Dret,Port Dret,"Port Dret,Port de Bareites,Port de las Bareytes,Port des Bareytes",42.60172,1.45562,T,PASS,AD,,0,,,,0,,2660,Europe/Andorra,05-11-14
3038814,Costa de Xurius,Costa de Xurius,,42.50692,1.47569,T,SLP,AD,,7,,,,0,,1839,Europe/Andorra,08-03-15
3038815,Font de la Xona,Font de la Xona,,42.55003,1.44986,H,SPNG,AD,,4,,,,0,,1976,Europe/Andorra,11-01-10
3038816,Xixerella,Xixerella,,42.55327,1.48736,P,PPL,AD,,4,,,,0,,1417,Europe/Andorra,24-04-09
3038818,Riu Xic,Riu Xic,,42.57165,1.67554,H,STM,AD,,2,,,,0,,1851,Europe/Andorra,03-12-14
3038819,Pas del Xic,Pas del Xic,,42.49766,1.57597,R,TRL,AD,,8,,,,0,,1669,Europe/Andorra,06-05-15
3038820,Roc del Xeig,Roc del Xeig,,42.56068,1.4898,T,RK,AD,,4,,,,0,,1643,Europe/Andorra,06-05-15
3038821,Collada del Xeig,Collada del Xeig,,42.57512,1.49009,T,PK,AD,,4,,,,0,,1857,Europe/Andorra,05-11-14
3038822,Fonts Vives,Fonts Vives,,42.49829,1.56428,H,SPNG,AD,,8,,,,0,,1540,Europe/Andorra,06-05-15
3038823,Roc de Vista,Roc de Vista,,42.49922,1.48118,T,RK,AD,,7,,,,0,,1564,Europe/Andorra,08-03-15
3038824,Obaga de Vista,Obaga de Vista,,42.47935,1.44621,T,SLP,AD,,6,,,,0,,1749,Europe/Andorra,08-03-15
3038825,Coll de Vista,Coll de Vista,,42.47611,1.60578,T,GAP,AD,,6,,,,0,,2335,Europe/Andorra,08-04-15
3038826,Coll de Vista,Coll de Vista,Coll de Vista,42.47552,1.44173,T,PASS,AD,"AD,ES",0,,,,0,,1967,Europe/Andorra,05-11-14
3038827,Visanseny,Visanseny,"Visanceny,Visanseny",42.57488,1.61616,L,LCTY,AD,,2,,,,0,,1706,Europe/Andorra,03-12-14
3038828,Roc de la Vinya,Roc de la Vinya,,42.52776,1.56446,T,RK,AD,,3,,,,0,,1260,Europe/Andorra,06-02-15
3038829,Canal de la Vinya,Canal de la Vinya,,42.52232,1.52319,H,STM,AD,,4,,,,0,,1183,Europe/Andorra,06-05-15
3038830,Bosc de Villar,Bosc de Villar,,42.60135,1.5434,V,FRST,AD,,5,,,,0,,1860,Europe/Andorra,03-12-14
3038831,Torrent de Vila,Torrent de Vila,,42.53414,1.56678,H,STM,AD,,3,,,,0,,1337,Europe/Andorra,06-02-15
3038832,Vila,Vila,"Casas Vila,Vila",42.53176,1.56654,P,PPL,AD,,3,,,,0,,1318,Europe/Andorra,13-04-12
3038833,Basers de Vicen√ß,Basers de Vicenc,,42.47669,1.4829,T,CLF,AD,,6,,,,0,,1019,Europe/Andorra,08-03-15
3038834,Pla de Vi√ s,Pla de Vias,,42.59001,1.65996,T,UPLD,AD,,2,,,,0,,2052,Europe/Andorra,03-12-14
3038835,Vial del Cardaire,Vial del Cardaire,,42.56372,1.50503,L,LCTY,AD,,4,,,,0,,1574,Europe/Andorra,05-11-14
3038836,Font del Vi,Font del Vi,,42.52342,1.47698,H,SPNG,AD,,4,,,,0,,1765,Europe/Andorra,08-03-15
3038837,Font Verda,Font Verda,,42.5557,1.55859,H,SPNG,AD,,5,,,,0,,1787,Europe/Andorra,06-02-15
3038838,Costa Verda,Costa Verda,,42.48297,1.66086,T,SLP,AD,,8,,,,0,,2572,Europe/Andorra,06-05-15
3038839,Costa Verda,Costa Verda,,42.48749,1.57108,T,SLP,AD,,8,,,,0,,2150,Europe/Andorra,06-05-15
3038840,Serrat de Ventader,Serrat de Ventader,,42.49157,1.43183,T,SPUR,AD,,6,,,,0,,1700,Europe/Andorra,08-03-15
3038841,Bony de Vellatocina,Bony de Vellatocina,,42.61246,1.50594,T,PK,AD,,5,,,,0,,2370,Europe/Andorra,05-11-14
3038842,Pleta Vella,Pleta Vella,,42.51143,1.60976,L,GRAZ,AD,,3,,,,0,,2258,Europe/Andorra,06-05-15
3038843,Sol√  Vell,Sola Vell,,42.46645,1.47647,T,SLP,AD,,6,,,,0,,1602,Europe/Andorra,08-04-15
3038844,Port Vell,Port Vell,,42.65315,1.55207,T,PASS,AD,,0,,,,0,,2432,Europe/Andorra,05-11-14
3038845,Port Negre del Pallars,Port Negre del Pallars,"Port Negre del Pallars,Port Vell",42.56799,1.44412,T,PASS,AD,ES,0,,,,0,,2517,Europe/Andorra,05-11-14
3038846,Bancal Vedeller,Bancal Vedeller,,42.60103,1.45896,R,TRL,AD,,4,,,,0,,2451,Europe/Andorra,05-11-14
3038847,Vedat del Xeig,Vedat del Xeig,,42.56223,1.48785,L,LCTY,AD,,4,,,,0,,1609,Europe/Andorra,06-05-15
3038848,Vedat dels Plans,Vedat dels Plans,,42.53983,1.50408,L,AREA,AD,,4,,,,0,,1639,Europe/Andorra,05-11-14
3038849,Vedat de Coll de les Cases,Vedat de Coll de les Cases,,42.57491,1.49849,L,LCTY,AD,,4,,,,0,,1871,Europe/Andorra,05-11-14
3038850,Serra del Vedat,Serra del Vedat,,42.46836,1.48497,T,RDGE,AD,,6,,,,0,,1366,Europe/Andorra,08-04-15
3038851,Planades del Vedat,Planades del Vedat,,42.53939,1.50116,T,UPLD,AD,,4,,,,0,,1732,Europe/Andorra,06-02-15
3038852,Veda de Sorteny,Veda de Sorteny,,42.62075,1.55042,L,LCTY,AD,,5,,,,0,,1916,Europe/Andorra,05-11-14
3038853,Veda del Castellar,Veda del Castellar,,42.62578,1.50914,L,AREA,AD,,5,,,,0,,2216,Europe/Andorra,05-11-14
3038854,Canal de les Veces,Canal de les Veces,,42.52405,1.52124,H,STM,AD,,4,,,,0,,1129,Europe/Andorra,06-05-15
3038855,Coma de Varilles,Coma de Varilles,,42.63797,1.52599,T,VAL,AD,,5,,,,0,,2288,Europe/Andorra,05-11-14
3038856,Portella de les Vaques,Portella de les Vaques,,42.56734,1.44421,T,PASS,AD,,0,,,,0,,2544,Europe/Andorra,05-11-14
3038857,Pas de les Vaques,Pas de les Vaques,,42.58129,1.70146,T,PASS,AD,,2,,,,0,,2498,Europe/Andorra,03-12-14
3038858,Collada de les Vaques,Collada de les Vaques,,42.56354,1.56884,T,PASS,AD,,0,,,,0,,2096,Europe/Andorra,03-12-14
3038859,Roc del Vaquer,Roc del Vaquer,,42.63442,1.47968,T,CLF,AD,,5,,,,0,,2389,Europe/Andorra,05-11-14
3038860,Valls de la Coma,Valls de la Coma,,42.60079,1.63691,L,LCTY,AD,,2,,,,0,,1917,Europe/Andorra,03-12-14
3038861,Vall d'Incles,Vall d'Incles,,42.58386,1.66331,L,LCTY,AD,,2,,,,0,,1764,Europe/Andorra,11-01-10
3038862,Vall de Soldeu,Vall de Soldeu,,42.56103,1.68234,T,VAL,AD,,2,,,,0,,1943,Europe/Andorra,08-03-15
3038863,Riu de la Vall del Riu,Riu de la Vall del Riu,,42.57178,1.61415,H,STM,AD,,2,,,,0,,1569,Europe/Andorra,05-11-14
3038864,Estany Gran de la Vall del Riu,Estany Gran de la Vall del Riu,,42.60065,1.59278,H,LK,AD,,2,,,,0,,2559,Europe/Andorra,05-11-14
3038865,Cascada de la Vall del Riu,Cascada de la Vall del Riu,,42.57326,1.61423,H,FLLS,AD,,2,,,,0,,1617,Europe/Andorra,03-12-14
3038866,Canals de la Vall del Riu,Canals de la Vall del Riu,,42.59059,1.60713,H,RVN,AD,,2,,,,0,,2134,Europe/Andorra,03-12-14
3038867,Cam√≠ de la Vall del Riu,Cami de la Vall del Riu,,42.58421,1.61129,R,TRL,AD,,2,,,,0,,1890,Europe/Andorra,03-12-14
3038868,Bosc de la Vall del Riu,Bosc de la Vall del Riu,,42.58333,1.61667,V,FRST,AD,,2,,,,0,,2076,Europe/Andorra,03-12-14
3038869,Vall del Riu,Vall del Riu,,42.59499,1.60747,L,AREA,AD,,2,,,,0,,2197,Europe/Andorra,05-11-14
3038870,Coll de Vall Civera,Coll de Vall Civera,"Coll de Valcibera,Coll de Vall Civera,Collado de Vall-Civera,Port de Vall Civera",42.48818,1.66373,T,PASS,AD,ES,0,,,,0,,2482,Europe/Andorra,05-11-14
3038871,Obac de la Vall,Obac de la Vall,,42.46602,1.50498,T,SLP,AD,,6,,,,0,,1254,Europe/Andorra,08-04-15
3038872,Riu Valira d‚ÄôOrient,Riu Valira d'Orient,"Rio Balira del Orien,Riu Valira d'Orient,Riu Valira d‚ÄôOrient,R√≠o Balira del Orien",42.51123,1.53686,H,STM,AD,,0,,,,0,,1033,Europe/Andorra,05-11-14
3038873,Riu Valira del Nord,Riu Valira del Nord,"Riu Valira d'Ordino,Riu Valira del Nord,Riu Valira del Nort,Riu Valira d‚ÄôOrdino,Valira del Nord,Valira del Norte",42.34645,1.44271,H,STM,AD,,0,,,,0,,661,Europe/Andorra,18-01-12
3038874,Estanys de la Val del Riu,Estanys de la Val del Riu,,42.60398,1.59622,H,LKS,AD,,2,,,,0,,2567,Europe/Andorra,05-11-14
3038875,Vaca Morta,Vaca Morta,,42.5681,1.76256,L,LCTY,AD,,2,,,,0,,1858,Europe/Andorra,05-11-14
3038876,Riu d‚ÄôUrina,Riu d'Urina,,42.5594,1.58998,H,STM,AD,,2,,,,0,,1450,Europe/Andorra,03-12-14
3038877,Serrat de la U√Øna,Serrat de la Uina,,42.55975,1.52393,T,RDGE,AD,,5,,,,0,,1516,Europe/Andorra,06-02-15
3038878,Obaga de la Tuta,Obaga de la Tuta,,42.48885,1.44734,T,SLP,AD,,6,,,,0,,1387,Europe/Andorra,08-03-15
3038879,Cova de la Tuta,Cova de la Tuta,,42.48678,1.44548,S,CAVE,AD,,6,,,,0,,1567,Europe/Andorra,08-03-15
3038880,Roca del Tut,Roca del Tut,,42.54941,1.45701,T,RK,AD,,4,,,,0,,2010,Europe/Andorra,06-02-15
3038881,Coll de Turer,Coll de Turer,,42.55784,1.46979,T,PASS,AD,,4,,,,0,,2115,Europe/Andorra,05-11-14
3038882,Font del Tud√≥,Font del Tudo,,42.44205,1.53489,H,SPNG,AD,,6,,,,0,,1897,Europe/Andorra,08-04-15
3038883,Estany de les Truites,Estany de les Truites,,42.57705,1.44801,H,LK,AD,,4,,,,0,,2289,Europe/Andorra,05-11-14
3038884,Serra de Tristaina,Serra de Tristaina,Serra de Tristaina,42.65048,1.47705,T,RDGE,AD,"AD,FR",0,,,,0,,2694,Europe/Andorra,05-11-14
3038885,Riu de Tristaina,Riu de Tristaina,,42.615,1.53707,H,STM,AD,,5,,,,0,,1536,Europe/Andorra,05-11-14
3038886,Pic de Tristaina,Pic de Tristaina,"Pic de Triatagne,Pic de Tristagne,Pic de Tristaina,Pic des Tri-Stagnes,Tristaina",42.65265,1.49242,T,PK,AD,"AD,FR",0,,,,0,,2813,Europe/Andorra,29-04-07
3038887,Clot de Tres Torrents,Clot de Tres Torrents,,42.54063,1.53382,H,RVN,AD,,4,,,,0,,1466,Europe/Andorra,06-02-15
3038890,Travenc,Travenc,,42.60215,1.69377,L,LCTY,AD,,2,,,,0,,1911,Europe/Andorra,03-12-14
3038891,Pleta de la Trava,Pleta de la Trava,,42.48464,1.62251,L,GRAZ,AD,,8,,,,0,,2139,Europe/Andorra,06-05-15
3038892,Coll de la Trava,Coll de la Trava,,42.47973,1.47555,T,SPUR,AD,,6,,,,0,,1289,Europe/Andorra,08-03-15
3038893,Canal de la Trava,Canal de la Trava,,42.57395,1.52496,H,RVN,AD,,5,,,,0,,1521,Europe/Andorra,03-12-14
3038894,Bosc de la Trava,Bosc de la Trava,,42.4844,1.63007,V,FRST,AD,,8,,,,0,,2221,Europe/Andorra,06-05-15
3038895,Font dels Traginers,Font dels Traginers,,42.43156,1.52845,H,SPNG,AD,"AD,ES",0,,,,0,,2022,Europe/Andorra,08-04-15
3038896,Pla de les Toves,Pla de les Toves,,42.46355,1.45008,T,UPLD,AD,,6,,,,0,,1774,Europe/Andorra,08-04-15
3038897,Torrent del Tossalroi,Torrent del Tossalroi,,42.47256,1.51244,H,STM,AD,,6,,,,0,,1345,Europe/Andorra,06-05-15
3038898,Tossal Gran,Tossal Gran,,42.47986,1.4892,L,LCTY,AD,,7,,,,0,,941,Europe/Andorra,06-05-15
3038899,Tossalet i Vinyals,Tossalet i Vinyals,,42.48597,1.49025,L,LCTY,AD,,7,,,,0,,998,Europe/Andorra,08-03-15
3038900,Bosc del Tossal de les Poselles,Bosc del Tossal de les Poselles,,42.53331,1.50326,V,FRST,AD,,4,,,,0,,1509,Europe/Andorra,06-02-15
3038901,Tossal,Tossal,,42.45927,1.49176,L,LCTY,AD,,6,,,,0,,1050,Europe/Andorra,08-04-15
3038902,Tosquers,Tosquers,,42.56587,1.48763,T,SLP,AD,,4,,,,0,,1514,Europe/Andorra,05-11-14
3038903,Canal del Tosquer,Canal del Tosquer,,42.57114,1.52067,H,STM,AD,,5,,,,0,,1327,Europe/Andorra,03-12-14
3038904,Bosc del Tosquer,Bosc del Tosquer,,42.57189,1.52369,V,FRST,AD,,5,,,,0,,1416,Europe/Andorra,03-12-14
3038905,Bosc del Tosquer,Bosc del Tosquer,,42.53793,1.6007,V,FRST,AD,,3,,,,0,,1806,Europe/Andorra,06-02-15
3038906,Bosc de la Tosca,Bosc de la Tosca,,42.43912,1.45592,V,FRST,AD,,6,,,,0,,1428,Europe/Andorra,08-04-15
3038907,Tosa d‚ÄôIncles,Tosa d'Incles,,42.58675,1.68935,L,AREA,AD,,2,,,,0,,2363,Europe/Andorra,03-12-14
3038908,Cap de Tosa d‚ÄôEntor,Cap de Tosa d'Entor,,42.60016,1.65212,T,PK,AD,,2,,,,0,,2486,Europe/Andorra,03-12-14
3038909,Tosa de les Mussoles,Tosa de les Mussoles,,42.62199,1.68087,L,LCTY,AD,,2,,,,0,,2538,Europe/Andorra,05-11-14
3038910,Pic de la Tosa de Juclar,Pic de la Tosa de Juclar,,42.60199,1.72093,T,PK,AD,,2,,,,0,,2660,Europe/Andorra,03-12-14
3038911,Collada de la Tosa de Caraup,Collada de la Tosa de Caraup,,42.60371,1.6548,T,SPUR,AD,,2,,,,0,,2494,Europe/Andorra,03-12-14
3038912,Planell de la Tosa,Planell de la Tosa,,42.52916,1.45614,T,UPLD,AD,,4,,,,0,,2302,Europe/Andorra,06-02-15
3038913,Canals de la Tosa,Canals de la Tosa,,42.59186,1.69687,H,RVN,AD,,2,,,,0,,2485,Europe/Andorra,03-12-14
3038914,Canal de la Tosa,Canal de la Tosa,,42.50878,1.56601,H,STM,AD,,8,,,,0,,1536,Europe/Andorra,06-05-15
3038915,Bosc de la Tosa,Bosc de la Tosa,,42.54986,1.57558,V,FRST,AD,,2,,,,0,,2029,Europe/Andorra,06-02-15
3038916,Canal Torta,Canal Torta,,42.57684,1.51706,H,STM,AD,,5,,,,0,,1357,Europe/Andorra,03-12-14
3038917,Canal Torta,Canal Torta,,42.55184,1.5398,H,STM,AD,,0,,,,0,,1467,Europe/Andorra,06-05-15
3038918,Torrent Tort,Torrent Tort,,42.53072,1.58053,H,STM,AD,,3,,,,0,,1357,Europe/Andorra,06-02-15
3038919,Torretiny√ ,Torretinya,,42.45175,1.51486,L,LCTY,AD,,6,,,,0,,1523,Europe/Andorra,08-04-15
3038920,Prat d‚Äôen Torres,Prat d'en Torres,,42.59851,1.51773,L,GRAZ,AD,,5,,,,0,,1702,Europe/Andorra,03-12-14
3038921,Canals de Torrent Preg√≥,Canals de Torrent Prego,,42.49176,1.49157,H,STM,AD,,7,,,,0,,1032,Europe/Andorra,08-03-15
3038922,Canal de Torrentiny√ ,Canal de Torrentinya,,42.45323,1.51176,H,STM,AD,,6,,,,0,,1335,Europe/Andorra,08-04-15
3038923,Torrentill,Torrentill,,42.47221,1.49478,H,STM,AD,,6,,,,0,,987,Europe/Andorra,08-04-15
3038924,Cam√≠ de Torrent Forcat,Cami de Torrent Forcat,,42.45736,1.51341,R,TRL,AD,,6,,,,0,,1514,Europe/Andorra,06-05-15
3038925,Canal del Torrent Cauber,Canal del Torrent Cauber,,42.60095,1.52226,H,RVN,AD,,5,,,,0,,1763,Europe/Andorra,03-12-14
3038926,Torre dels Soldats,Torre dels Soldats,"Monturull,Pic Monturull,Torre dels Soldats",42.45021,1.58341,T,PK,AD,,0,,,,0,2761,2665,Europe/Andorra,30-03-16
3038927,Torrapuis,Torrapuis,,42.53573,1.52558,L,LCTY,AD,,4,,,,0,,1283,Europe/Andorra,06-02-15
3038928,Pic de Torradella,Pic de Torradella,,42.59369,1.62372,T,PK,AD,,2,,,,0,,2486,Europe/Andorra,05-11-14
3038929,Pala de la Torradella,Pala de la Torradella,,42.59144,1.62356,T,SLP,AD,,2,,,,0,,2410,Europe/Andorra,03-12-14
3038930,Obaga de Torradella,Obaga de Torradella,,42.5952,1.62615,T,SLP,AD,,2,,,,0,,2450,Europe/Andorra,03-12-14
3038931,Canals de Torradella,Canals de Torradella,,42.59343,1.63686,H,STM,AD,,2,,,,0,,1868,Europe/Andorra,03-12-14
3038932,Borda del Torner,Borda del Torner,,42.5815,1.48657,S,FRM,AD,,4,,,,0,,1926,Europe/Andorra,05-11-14
3038933,Planell de la Tora,Planell de la Tora,,42.55261,1.61504,T,UPLD,AD,,2,,,,0,,2022,Europe/Andorra,06-02-15
3038934,Clots de la Tora,Clots de la Tora,,42.46131,1.5772,H,RVN,AD,,8,,,,0,,2386,Europe/Andorra,08-04-15
3038935,Prat del Toni,Prat del Toni,,42.5595,1.6221,L,GRAZ,AD,,2,,,,0,,2223,Europe/Andorra,06-02-15
3038936,Mol√≠ del Tom√ s,Moli del Tomas,,42.57774,1.6505,S,ML,AD,,2,,,,0,,1711,Europe/Andorra,03-12-14
3038937,Cortals de Tolse,Cortals de Tolse,,42.44734,1.47787,S,CRRL,AD,,6,,,,0,,1008,Europe/Andorra,08-04-15
3038938,Bosc de Tolse,Bosc de Tolse,,42.4483,1.47908,V,FRST,AD,,6,,,,0,,980,Europe/Andorra,08-04-15
3038939,Tolse,Tolse,,42.4503,1.48508,S,HUT,AD,,6,,,,0,,891,Europe/Andorra,08-04-15
3038940,Basera dels Tolls de l‚ÄôOlla,Basera dels Tolls de l'Olla,,42.48484,1.45301,T,CLF,AD,,6,,,,0,,1221,Europe/Andorra,08-03-15
3038941,Tolls de l‚ÄôOlla,Tolls de l'Olla,,42.46535,1.56957,L,LCTY,AD,,8,,,,0,,2327,Europe/Andorra,08-04-15
3038942,Torrent del Tirader,Torrent del Tirader,,42.53145,1.58845,H,STM,AD,,3,,,,0,,1427,Europe/Andorra,06-02-15
3038943,Canal del Timbarro,Canal del Timbarro,,42.50307,1.47727,H,STM,AD,,7,,,,0,,1558,Europe/Andorra,08-03-15
3038944,Terres de Serra,Terres de Serra,,42.4779,1.50509,L,LCTY,AD,,6,,,,0,,1466,Europe/Andorra,08-03-15
3038945,Terres de Sant Miguel,Terres de Sant Miguel,,42.49748,1.57716,L,LCTY,AD,,8,,,,0,,1684,Europe/Andorra,06-05-15
3038946,Terres del Torrent Preg√≥,Terres del Torrent Prego,,42.54814,1.59154,L,LCTY,AD,,2,,,,0,,1397,Europe/Andorra,06-02-15
3038947,Terres del Sol√ ,Terres del Sola,,42.54187,1.54338,L,LCTY,AD,,4,,,,0,,1550,Europe/Andorra,06-02-15
3038948,Terres de Jacques,Terres de Jacques,,42.56995,1.61431,L,LCTY,AD,,2,,,,0,,1692,Europe/Andorra,03-12-14
3038949,Obaga de les Terres de Casamanya,Obaga de les Terres de Casamanya,,42.57117,1.55095,T,SLP,AD,,5,,,,0,,1787,Europe/Andorra,03-12-14
3038950,Canal del Terrer Roig,Canal del Terrer Roig,,42.5881,1.46094,H,STM,AD,,4,,,,0,,2017,Europe/Andorra,05-11-14
3038951,Terrer Roig,Terrer Roig,,42.58892,1.45395,L,LCTY,AD,,4,,,,0,,2398,Europe/Andorra,05-11-14
3038952,Clots dels Terregalls,Clots dels Terregalls,,42.62292,1.61256,H,STMH,AD,,2,,,,0,,2537,Europe/Andorra,05-11-14
3038953,Terregalls,Terregalls,,42.49527,1.52939,L,LCTY,AD,,7,,,,0,,1515,Europe/Andorra,06-05-15
3038954,Terra del Pou,Terra del Pou,,42.47431,1.48904,L,LCTY,AD,,6,,,,0,,992,Europe/Andorra,08-04-15
3038955,Terra Bogada,Terra Bogada,,42.4682,1.49909,L,LCTY,AD,,6,,,,0,,1066,Europe/Andorra,08-04-15
3038956,Canal del Teix√≥,Canal del Teixo,,42.55646,1.50498,H,STM,AD,,4,,,,0,,1289,Europe/Andorra,06-02-15
3038957,Coma de Teix,Coma de Teix,,42.46842,1.47084,T,SLP,AD,,6,,,,0,,1710,Europe/Andorra,08-04-15
3038958,Font de les Taules,Font de les Taules,,42.55315,1.55727,H,SPNG,AD,,5,,,,0,,1853,Europe/Andorra,06-02-15
3038959,Coma Tarterosa,Coma Tarterosa,,42.48716,1.45937,H,RVN,AD,,6,,,,0,,1430,Europe/Andorra,08-03-15
3038960,Bosc de la Tarterosa,Bosc de la Tarterosa,,42.60215,1.64186,V,FRST,AD,,2,,,,0,,2007,Europe/Andorra,03-12-14
3038961,Tarter Gran,Tarter Gran,,42.58148,1.45787,L,LCTY,AD,,4,,,,0,,1998,Europe/Andorra,05-11-14
3038962,Tartera Gran,Tartera Gran,,42.48102,1.47442,L,LCTY,AD,,6,,,,0,,1304,Europe/Andorra,08-03-15
3038963,Pont del Tarter,Pont del Tarter,,42.57811,1.64897,S,BDG,AD,,2,,,,0,,1686,Europe/Andorra,03-12-14
3038964,Coll de la T√ pia,Coll de la Tapia,,42.47156,1.4909,T,PASS,AD,,6,,,,0,,1092,Europe/Andorra,08-04-15
3038965,Canal Tancada,Canal Tancada,,42.48899,1.55854,H,STM,AD,,8,,,,0,,1919,Europe/Andorra,06-05-15
3038966,Roc del Tampuent,Roc del Tampuent,,42.58498,1.48339,T,RK,AD,,4,,,,0,,1955,Europe/Andorra,05-11-14
3038967,Basers de les Tallades,Basers de les Tallades,,42.50094,1.46747,T,CLF,AD,,7,,,,0,,2076,Europe/Andorra,08-03-15
3038968,Bosc de la Tallada Nova,Bosc de la Tallada Nova,,42.58466,1.47311,V,FRST,AD,,4,,,,0,,1917,Europe/Andorra,05-11-14
3038969,Cam√≠ de la Tallada,Cami de la Tallada,,42.4893,1.57116,R,TRL,AD,,8,,,,0,,2090,Europe/Andorra,06-05-15
3038970,Canal del Tabanell,Canal del Tabanell,,42.57975,1.51897,H,STM,AD,,5,,,,0,,1362,Europe/Andorra,03-12-14
3038971,Bosc del Tabanell,Bosc del Tabanell,,42.58113,1.50496,V,FRST,AD,,5,,,,0,,1920,Europe/Andorra,05-11-14
3038972,Suriguera,Suriguera,"Soriguera,Suriguera",42.58664,1.60654,T,SLP,AD,,2,,,,0,,2032,Europe/Andorra,03-12-14
3038973,Sudornar,Sudornar,,42.58341,1.45016,T,SLP,AD,,4,,,,0,,2275,Europe/Andorra,05-11-14
3038974,Font del Sucre,Font del Sucre,,42.52245,1.47512,H,SPNG,AD,,4,,,,0,,1808,Europe/Andorra,08-03-15
3038975,Costa de la Sucarana,Costa de la Sucarana,,42.6067,1.49918,T,SLP,AD,,5,,,,0,,2161,Europe/Andorra,05-11-14
3038976,Canya de la Sucarana,Canya de la Sucarana,,42.60509,1.50477,T,GRGE,AD,,5,,,,0,,2005,Europe/Andorra,05-11-14
3038977,Borda del Sucarana,Borda del Sucarana,,42.55439,1.58269,S,HUT,AD,,2,,,,0,,1780,Europe/Andorra,06-02-15
3038979,Pla de Sorteny,Pla de Sorteny,,42.62188,1.56503,T,UPLD,AD,,5,,,,0,,1952,Europe/Andorra,05-11-14
3038980,Marrades de Sorteny,Marrades de Sorteny,,42.62147,1.55236,R,TRL,AD,,5,,,,0,,1837,Europe/Andorra,05-11-14
3038981,Sorteny,Sorteny,,42.61675,1.57936,L,AREA,AD,,5,,,,0,,2407,Europe/Andorra,05-11-14
3038982,Riu de les Soronelles,Riu de les Soronelles,,42.53933,1.64583,H,STM,AD,,3,,,,0,,2143,Europe/Andorra,06-02-15
3038983,Collada de les Soronelles,Collada de les Soronelles,,42.54792,1.65159,T,PASS,AD,,0,,,,0,,2480,Europe/Andorra,06-02-15
3038984,Pic de les Sorobilles,Pic de les Sorobilles,,42.56677,1.53956,T,PK,AD,,5,,,,0,,1811,Europe/Andorra,03-12-14
3038985,Riu de Sorn√ s,Riu de Sornas,,42.56314,1.52724,H,STM,AD,,5,,,,0,,1296,Europe/Andorra,03-12-14
3038986,Clot de Sorn√ s,Clot de Sornas,,42.57766,1.55066,H,RVN,AD,,5,,,,0,,2062,Europe/Andorra,03-12-14
3038987,Sorn√ s,Sornas,"Sornas,Sorn√ s",42.56461,1.52757,P,PPL,AD,,5,,,,0,,1328,Europe/Andorra,05-11-14
3038988,Riu de Suriguera,Riu de Suriguera,"Riu de Soriguera,Riu de Suriguera",42.58564,1.60996,H,STM,AD,,2,,,,0,,1921,Europe/Andorra,03-12-14
3038989,Solana del Soriguer,Solana del Soriguer,,42.56963,1.55225,T,SLP,AD,,5,,,,0,,1738,Europe/Andorra,03-12-14
3038990,Clot Sord,Clot Sord,,42.60053,1.65448,T,CRQ,AD,,2,,,,0,,2405,Europe/Andorra,05-11-14
3038991,Sol√  de Soquer,Sola de Soquer,,42.45544,1.48099,T,SLP,AD,,6,,,,0,,1107,Europe/Andorra,08-04-15
3038992,Riu de Soplan√ s,Riu de Soplanas,"Riu de Soplanars,Riu de Soplanas,Riu de Soplan√ s",42.5792,1.62939,H,STM,AD,,2,,,,0,,1675,Europe/Andorra,03-12-14
3038993,Borda de Som,Borda de Som,,42.57027,1.59043,S,HUT,AD,,2,,,,0,,1844,Europe/Andorra,03-12-14
3038994,Roc de Solobre,Roc de Solobre,,42.49267,1.50825,T,RKS,AD,,7,,,,0,,1324,Europe/Andorra,06-05-15
3038995,Bosc de Solobre,Bosc de Solobre,,42.49044,1.50667,V,FRST,AD,,7,,,,0,,1319,Europe/Andorra,08-03-15
3038996,Bosc del Soleador,Bosc del Soleador,,42.60191,1.52112,V,FRST,AD,,5,,,,0,,1766,Europe/Andorra,03-12-14
3038997,Cam√≠ de Soldeu,Cami de Soldeu,,42.57724,1.65827,R,TRL,AD,,2,,,,0,,1742,Europe/Andorra,03-12-14
3038998,Bosc de Soldeu,Bosc de Soldeu,"Bois de Soldeu,Bosc de Soldeu,Bosque de Soldeu",42.57907,1.67292,V,FRST,AD,,2,,,,0,,2102,Europe/Andorra,03-12-14
3038999,Soldeu,Soldeu,,42.57688,1.66769,P,PPL,AD,,2,,,,602,,1832,Europe/Andorra,06-11-17
3039000,Solana del Solany√≥,Solana del Solanyo,,42.53909,1.54785,T,SLP,AD,,4,,,,0,,1679,Europe/Andorra,06-02-15
3039001,Riu del Solany√≤,Riu del Solanyo,,42.5403,1.54193,H,STM,AD,,4,,,,0,,1525,Europe/Andorra,06-02-15
3039002,Bosc del Solany√≥,Bosc del Solanyo,,42.55022,1.44836,V,FRST,AD,,4,,,,0,,1960,Europe/Andorra,06-02-15
3039003,Barranc del Solany√≥,Barranc del Solanyo,,42.5423,1.44112,H,STM,AD,,4,,,,0,,1829,Europe/Madrid,06-02-15
3039004,Solans,Solans,,42.53893,1.60137,L,LCTY,AD,,3,,,,0,,1873,Europe/Andorra,06-02-15
3039005,Solanet de R√ mio,Solanet de Ramio,,42.50063,1.5699,L,LCTY,AD,,8,,,,0,,1817,Europe/Andorra,06-05-15
3039006,Terregalls del Solanet,Terregalls del Solanet,,42.62685,1.60523,T,RDGE,AD,,0,,,,0,,2821,Europe/Andorra,05-11-14
3039007,Bosc del Solanet,Bosc del Solanet,,42.54591,1.47924,V,FRST,AD,,4,,,,0,,1616,Europe/Andorra,06-02-15
3039008,Solanes de la Peguera,Solanes de la Peguera,,42.45651,1.51879,L,AREA,AD,,6,,,,0,,1554,Europe/Andorra,06-05-15
3039009,Serra de les Solanelles,Serra de les Solanelles,,42.54876,1.6657,T,RDGE,AD,,2,,,,0,,2442,Europe/Andorra,06-02-15
3039010,Riu de les Solanelles,Riu de les Solanelles,,42.55334,1.68271,H,STM,AD,,0,,,,0,,2075,Europe/Andorra,08-03-15
3039011,Collet de les Solanelles,Collet de les Solanelles,,42.56068,1.63082,T,PASS,AD,,2,,,,0,,2408,Europe/Andorra,06-02-15
3039012,Collada de les Solanelles,Collada de les Solanelles,,42.54489,1.66049,T,PASS,AD,,3,,,,0,,2456,Europe/Andorra,05-11-14
3039013,Clot de les Solanelles,Clot de les Solanelles,,42.56109,1.63812,H,RVN,AD,,2,,,,0,,2207,Europe/Andorra,06-02-15
3039014,Canal de les Solanelles,Canal de les Solanelles,,42.56324,1.64181,H,STM,AD,,2,,,,0,,2105,Europe/Andorra,06-02-15
3039015,Cabana de les Solanelles,Cabana de les Solanelles,,42.54391,1.66123,S,HUT,AD,,3,,,,0,,2473,Europe/Andorra,06-02-15
3039016,Solanelles,Solanelles,,42.54973,1.671,L,LCTY,AD,,2,,,,0,,2343,Europe/Andorra,06-02-15
3039017,Barranc de la Solana del Pas de la Casa,Barranc de la Solana del Pas de la Casa,,42.53941,1.73436,H,STM,AD,,2,,,,0,,2127,Europe/Paris,08-03-15
3039018,Solana del Lloser d‚ÄôOrdino,Solana del Lloser d'Ordino,,42.54731,1.52097,L,LCTY,AD,,5,,,,0,,1284,Europe/Andorra,06-02-15
3039019,Riu de la Solana del Forn,Riu de la Solana del Forn,,42.56243,1.67948,H,STM,AD,,2,,,,0,,1925,Europe/Andorra,08-03-15
3039020,Obagot de la Solana del Forn,Obagot de la Solana del Forn,,42.54984,1.66303,T,SLP,AD,,2,,,,0,,2393,Europe/Andorra,06-02-15
3039021,Solana del Forn,Solana del Forn,,42.55607,1.66272,L,AREA,AD,,2,,,,0,,2323,Europe/Andorra,05-11-14
3039022,Solana de l‚ÄôEstall Serrer,Solana de l'Estall Serrer,,42.49453,1.62389,L,AREA,AD,,8,,,,0,,2606,Europe/Andorra,06-05-15
3039023,Solana de les Aubes,Solana de les Aubes,,42.56034,1.56774,L,LCTY,AD,,5,,,,0,,1879,Europe/Andorra,03-12-14
3039024,Solana de la Baronia,Solana de la Baronia,,42.5388,1.62326,L,AREA,AD,,3,,,,0,,2044,Europe/Andorra,06-05-15
3039025,Prats de la Solana,Prats de la Solana,,42.56836,1.77496,L,GRAZ,AD,,2,,,,0,,1657,Europe/Andorra,03-12-14
3039026,Cam√≠ de la Solana,Cami de la Solana,,42.44246,1.45091,R,TRL,AD,,6,,,,0,,1424,Europe/Andorra,08-04-15
3039027,Bosc de la Solana,Bosc de la Solana,,42.52218,1.47205,V,FRST,AD,,4,,,,0,,1862,Europe/Andorra,08-03-15
3039028,Sol√  de Soldeu,Sola de Soldeu,,42.57771,1.67266,L,AREA,AD,,2,,,,0,,1974,Europe/Andorra,03-12-14
3039029,Serra del Sol√  de Sispony,Serra del Sola de Sispony,,42.53045,1.47634,T,SPUR,AD,,4,,,,0,,2051,Europe/Andorra,06-02-15
3039030,Pic del Sol√  d‚ÄôErts,Pic del Sola d'Erts,,42.56847,1.5048,T,PK,AD,,0,,,,0,,1930,Europe/Andorra,05-11-14
3039031,Sol√  d‚ÄôErts,Sola d'Erts,,42.56153,1.49656,L,AREA,AD,,4,,,,0,,1348,Europe/Andorra,05-11-14
3039032,Sol√  de Riambert,Sola de Riambert,,42.57859,1.5287,L,AREA,AD,,5,,,,0,,1847,Europe/Andorra,05-11-14
3039033,Serra del Sol√  de R√ mio,Serra del Sola de Ramio,,42.50418,1.58339,T,SPUR,AD,,8,,,,0,,2270,Europe/Andorra,06-05-15
3039034,Sol√  de R√ mio,Sola de Ramio,,42.50173,1.58283,L,AREA,AD,,8,,,,0,,2062,Europe/Andorra,06-05-15
3039035,Bosc del Sol√  d‚ÄôEnvalira,Bosc del Sola d'Envalira,,42.56267,1.6847,V,FRST,AD,,2,,,,0,,2106,Europe/Andorra,08-03-15
3039036,Carena del Sol√  d‚ÄôEngordany,Carena del Sola d'Engordany,,42.52208,1.53759,T,RDGE,AD,,0,,,,0,,1611,Europe/Andorra,06-05-15
3039037,Sol√° d‚ÄôEngordany,Sola d'Engordany,,42.51969,1.53707,L,AREA,AD,,8,,,,0,,1467,Europe/Andorra,05-11-14
3039038,Sol√  d‚ÄôEnclar,Sola d'Enclar,,42.50652,1.48914,L,AREA,AD,,7,,,,0,,1755,Europe/Andorra,05-11-14
3039039,Sol√  d‚ÄôEncamp,Sola d'Encamp,,42.53695,1.58068,A,ADMD,AD,,3,,,,0,,1280,Europe/Andorra,06-06-17
3039040,Cresta del Sol√  de Nadal,Cresta del Sola de Nadal,,42.51112,1.51228,T,SPUR,AD,,7,,,,0,,1505,Europe/Andorra,06-05-15
3039041,Aspres del Sol√  de Nadal,Aspres del Sola de Nadal,,42.5137,1.52185,V,VIN,AD,,7,,,,0,,1324,Europe/Andorra,06-05-15
3039042,Sol√  de Mossers,Sola de Mossers,,42.45914,1.46328,L,AREA,AD,,6,,,,0,,1614,Europe/Andorra,05-11-14
3039043,Sol√  de Mereig,Sola de Mereig,,42.56083,1.58546,L,LCTY,AD,,2,,,,0,,1627,Europe/Andorra,06-05-15
3039044,Sol√  del Tarter,Sola del Tarter,,42.5849,1.64905,L,AREA,AD,,2,,,,0,,1969,Europe/Andorra,03-12-14
3039045,Sol√  dels Sulls,Sola dels Sulls,,42.48854,1.56625,L,AREA,AD,,8,,,,0,,1959,Europe/Andorra,06-05-15
3039046,Sol√  dels Plans,Sola dels Plans,,42.58384,1.62968,L,AREA,AD,,2,,,,0,,1948,Europe/Andorra,03-12-14
3039047,Serra del Sola del Quart Mitger,Serra del Sola del Quart Mitger,,42.54577,1.53975,T,RDGE,AD,,0,,,,0,,1795,Europe/Andorra,06-02-15
3039048,Sol√  del Quart Mitger,Sola del Quart Mitger,,42.54238,1.53702,L,AREA,AD,,4,,,,0,,1592,Europe/Andorra,06-02-15
3039049,Sol√  del Pui,Sola del Pui,,42.55503,1.51236,L,AREA,AD,,4,,,,0,,1466,Europe/Andorra,06-02-15
3039050,Cap del Sol√  de les Comes,Cap del Sola de les Comes,,42.57856,1.49624,T,PK,AD,,0,,,,0,,2096,Europe/Andorra,05-11-14
3039051,Canal del Sol√  de les Comes,Canal del Sola de les Comes,,42.5713,1.49208,H,STM,AD,,4,,,,0,,1598,Europe/Andorra,05-11-14
3039052,Sol√  de la Moixella,Sola de la Moixella,,42.44273,1.47534,L,AREA,AD,,6,,,,0,,1057,Europe/Andorra,08-04-15
3039053,Balmes del Sol√  de l‚ÄôAllau,Balmes del Sola de l'Allau,,42.59436,1.53815,T,CLF,AD,,5,,,,0,,1843,Europe/Andorra,03-12-14
3039054,Sol√  de l‚ÄôAldosa,Sola de l'Aldosa,,42.57983,1.62252,L,AREA,AD,,2,,,,0,,1920,Europe/Andorra,03-12-14
3039055,Sol√  de la Farga,Sola de la Farga,,42.49531,1.60986,L,AREA,AD,,8,,,,0,,2318,Europe/Andorra,05-11-14
3039056,Canals del Sol√  de Juclar,Canals del Sola de Juclar,,42.60389,1.70297,H,RVN,AD,,2,,,,0,,2179,Europe/Andorra,03-12-14
3039057,Sol√  d‚ÄôArcavell,Sola d'Arcavell,"Sola d'Arcabell,Sola d'Arcavell,Sol√  d‚ÄôArcabell,Sol√  d‚ÄôArcavell",42.43343,1.49273,L,AREA,AD,,6,,,,0,,1330,Europe/Andorra,08-04-15
3039058,Sol√  d‚ÄôAndorra,Sola d'Andorra,,42.51091,1.50732,L,AREA,AD,,7,,,,0,,1574,Europe/Andorra,08-03-15
3039059,Sol√  d‚ÄôAixovall,Sola d'Aixovall,,42.47959,1.47873,L,AREA,AD,,0,,,,0,,1210,Europe/Andorra,08-03-15
3039060,Riu del Sol√ ,Riu del Sola,,42.5437,1.47792,H,STM,AD,,4,,,,0,,1569,Europe/Andorra,06-02-15
3039061,Clot del Sol√ ,Clot del Sola,,42.4619,1.46137,H,RVN,AD,,6,,,,0,,1733,Europe/Andorra,08-04-15
3039062,Carrera del Sol√ ,Carrera del Sola,,42.53874,1.57666,R,TRL,AD,,3,,,,0,,1441,Europe/Andorra,06-02-15
3039064,Pla del Socarrat,Pla del Socarrat,,42.55393,1.60269,T,UPLD,AD,,2,,,,0,,1927,Europe/Andorra,06-02-15
3039065,Cam√≠ del Socarrat,Cami del Socarrat,,42.58267,1.63922,R,TRL,AD,,2,,,,0,,1784,Europe/Andorra,03-12-14
3039066,Bosc del Socarrat,Bosc del Socarrat,,42.58627,1.64155,V,FRST,AD,,2,,,,0,,1928,Europe/Andorra,03-12-14
3039067,Vial de la Socarrada de Coll Carnisser,Vial de la Socarrada de Coll Carnisser,,42.58996,1.46444,R,RD,AD,,4,,,,0,,2051,Europe/Andorra,05-11-14
3039068,Pala de Sobre l‚ÄôEstany,Pala de Sobre l'Estany,,42.61391,1.72592,T,CLF,AD,,2,,,,0,,2421,Europe/Andorra,05-11-14
3039069,Pala de Sobre les Basses,Pala de Sobre les Basses,,42.59149,1.70692,T,SLP,AD,,2,,,,0,,2204,Europe/Andorra,03-12-14
3039070,Basers de Sobre la Pleta,Basers de Sobre la Pleta,,42.59261,1.46359,T,CLF,AD,,4,,,,0,,2061,Europe/Andorra,05-11-14
3039071,Sobre dels Camps de la Cortinada,Sobre dels Camps de la Cortinada,,42.58232,1.50546,L,AREA,AD,,5,,,,0,,1821,Europe/Andorra,05-11-14
3039072,Planells Sobirans,Planells Sobirans,,42.58908,1.46404,T,UPLD,AD,,4,,,,0,,2033,Europe/Andorra,05-11-14
3039073,Riu del Sisquer√≥,Riu del Sisquero,,42.6013,1.6973,H,STM,AD,,2,,,,0,,1931,Europe/Andorra,03-12-14
3039074,Cam√≠ del Sisquero,Cami del Sisquero,,42.6013,1.69494,R,TRL,AD,,2,,,,0,,1903,Europe/Andorra,03-12-14
3039075,Sol√  de Sispony,Sola de Sispony,,42.53091,1.48454,T,SLP,AD,,4,,,,0,,1888,Europe/Andorra,06-02-15
3039076,Cam√≠ de Sispony,Cami de Sispony,,42.52857,1.46901,R,TRL,AD,,4,,,,0,,2109,Europe/Andorra,06-02-15
3039077,Sispony,Sispony,Sispony,42.53368,1.51613,P,PPL,AD,,4,,,,0,,1315,Europe/Andorra,13-04-12
3039078,Pletes del Siscar√≥,Pletes del Siscaro,,42.59425,1.70477,L,GRAZ,AD,,2,,,,0,,2141,Europe/Andorra,03-12-14
3039079,Estanys del Siscar√≥,Estanys del Siscaro,,42.58654,1.70713,H,LKS,AD,,2,,,,0,,2415,Europe/Andorra,03-12-14
3039080,Canals del Siscar√≥,Canals del Siscaro,,42.58286,1.70562,H,RVN,AD,,2,,,,0,,2570,Europe/Andorra,03-12-14
3039081,Pic de Siscarou,Pic de Siscarou,"Pic de Siscarou,Pico de Siscarou,Siscaro,Siscar√≥",42.6,1.73333,T,PK,AD,FR,0,,,,0,,2379,Europe/Andorra,07-03-14
3039082,Siscar√≥,Siscaro,,42.58977,1.71206,L,AREA,AD,,2,,,,0,,2349,Europe/Andorra,03-12-14
3039083,Marrades del Siscar,Marrades del Siscar,,42.59179,1.71304,R,TRL,AD,,2,,,,0,,2379,Europe/Andorra,03-12-14
3039084,Canals del Siscar,Canals del Siscar,,42.59751,1.71696,H,RVN,AD,,2,,,,0,,2479,Europe/Andorra,03-12-14
3039085,Basses del Siscar,Basses del Siscar,,42.5951,1.71725,H,LKS,AD,,2,,,,0,,2368,Europe/Andorra,03-12-14
3039086,Sincloset,Sincloset,,42.48947,1.50151,T,SPUR,AD,,7,,,,0,,1334,Europe/Andorra,08-03-15
3039087,Port de Siguer,Port de Siguer,Port de Siguer,42.64974,1.56563,T,PASS,AD,"AD,FR",0,,,,0,,2420,Europe/Andorra,05-11-14
3039088,Bosc del Sigarr√≥,Bosc del Sigarro,,42.52948,1.61219,V,FRST,AD,,3,,,,0,,1935,Europe/Andorra,06-05-15
3039089,Canal de la Sicalma,Canal de la Sicalma,,42.50328,1.47545,H,STM,AD,,7,,,,0,,1604,Europe/Andorra,08-03-15
3039090,Portella de Setut,Portella de Setut,"Port de Setut,Portella de Satut,Portella de Setut",42.46782,1.63909,T,PASS,AD,ES,0,,,,0,,2720,Europe/Andorra,08-04-15
3039091,Cabana de Setut,Cabana de Setut,,42.48283,1.64367,S,HUT,AD,,8,,,,0,,2311,Europe/Andorra,05-11-14
3039092,Basses de Setut,Basses de Setut,,42.48195,1.64586,H,LKS,AD,,8,,,,0,,2319,Europe/Andorra,06-05-15
3039093,Setut,Setut,,42.4761,1.64936,L,AREA,AD,,8,,,,0,,2558,Europe/Andorra,05-11-14
3039094,Carretera de Set√∫ria,Carretera de Seturia,,42.54378,1.45346,R,RD,AD,,4,,,,0,,2079,Europe/Andorra,06-02-15
3039095,Cam√≠ de Set√∫ria,Cami de Seturia,,42.54238,1.45994,R,TRL,AD,,4,,,,0,,1918,Europe/Andorra,06-02-15
3039096,Bordes de Set√∫ria,Bordes de Seturia,,42.54502,1.44014,S,HUT,AD,,4,,,,0,,1865,Europe/Andorra,06-02-15
3039097,Set√∫ria,Seturia,,42.54951,1.43686,L,AREA,AD,,4,,,,0,,2017,Europe/Andorra,06-02-15
3039098,Tarteres de la Serrera,Tarteres de la Serrera,,42.61736,1.58304,T,TAL,AD,,5,,,,0,,2296,Europe/Andorra,05-11-14
3039099,Riu de la Serrera,Riu de la Serrera,,42.62295,1.57525,H,STM,AD,,5,,,,0,,2060,Europe/Andorra,05-11-14
3039100,Pleta de la Serrera,Pleta de la Serrera,,42.62083,1.57954,L,GRAZ,AD,,5,,,,0,,2208,Europe/Andorra,05-11-14
3039101,Pic de la Serrera,Pic de la Serrera,"Pic de Serrere,Pic de Serr√®re,Pic de la Serrera,Serrera",42.62562,1.60103,T,PK,AD,FR,0,,,,0,,2870,Europe/Andorra,05-11-14
3039102,Pas de la Serrera,Pas de la Serrera,,42.62197,1.57915,T,PASS,AD,,5,,,,0,,2205,Europe/Andorra,05-11-14
3039103,Clots de la Serrera,Clots de la Serrera,,42.61722,1.59939,H,STMH,AD,,5,,,,0,,2495,Europe/Andorra,05-11-14
3039104,Aspres de la Serrera,Aspres de la Serrera,,42.61261,1.58919,V,VIN,AD,,5,,,,0,,2611,Europe/Andorra,05-11-14
3039105,Canal de Serrats,Canal de Serrats,,42.52967,1.50344,H,STM,AD,,4,,,,0,,1372,Europe/Andorra,06-02-15
3039106,Cam√≠ del Serrat Pla,Cami del Serrat Pla,,42.44084,1.46306,R,TRL,AD,,6,,,,0,,1477,Europe/Andorra,08-04-15
3039107,Bosc del Serrat Llong,Bosc del Serrat Llong,,42.52286,1.48807,V,FRST,AD,,4,,,,0,,1745,Europe/Andorra,08-03-15
3039108,Planell del Serrat del Tronc,Planell del Serrat del Tronc,,42.58134,1.6222,T,UPLD,AD,,2,,,,0,,2045,Europe/Andorra,03-12-14
3039109,Cabana del Serrat de la Barracota,Cabana del Serrat de la Barracota,,42.48234,1.63098,S,HUT,AD,,8,,,,0,,2191,Europe/Andorra,06-05-15
3039110,Pic de Serra Seca,Pic de Serra Seca,,42.50757,1.7089,T,PK,AD,,3,,,,0,,2706,Europe/Andorra,05-11-14
3039111,Canal de Serra Plana,Canal de Serra Plana,,42.48484,1.49463,H,STM,AD,,7,,,,0,,997,Europe/Andorra,08-03-15
3039112,Riu de Serrana,Riu de Serrana,,42.54978,1.51102,H,STM,AD,,4,,,,0,,1260,Europe/Andorra,06-02-15
3039113,Pic de Serra Mitjana,Pic de Serra Mitjana,,42.47512,1.61682,T,PK,AD,,8,,,,0,,2398,Europe/Andorra,08-04-15
3039114,Estany de Serra Mitjana,Estany de Serra Mitjana,,42.47497,1.61125,H,LK,AD,,6,,,,0,,2306,Europe/Andorra,06-05-15
3039115,Canal Ampla de Serra Mitjana,Canal Ampla de Serra Mitjana,,42.47738,1.62038,H,STM,AD,,8,,,,0,,2256,Europe/Andorra,08-04-15
3039116,Canal de la Serradora,Canal de la Serradora,,42.48452,1.4721,H,STM,AD,,0,,,,0,,1404,Europe/Andorra,08-03-15
3039117,Canal Serradora,Canal Serradora,,42.49971,1.57781,H,STM,AD,,8,,,,0,,1834,Europe/Andorra,06-05-15
3039118,Cap de la Serra dels Isards,Cap de la Serra dels Isards,,42.58606,1.59218,T,PK,AD,,2,,,,0,,2442,Europe/Andorra,03-12-14
3039119,Serrat dels Serradells,Serrat dels Serradells,,42.61961,1.53763,T,SPUR,AD,,5,,,,0,,1596,Europe/Andorra,05-11-14
3039120,Cortal de la Serra,Cortal de la Serra,,42.53914,1.49664,S,CRRL,AD,,4,,,,0,,1836,Europe/Andorra,06-02-15
3039121,Cap de la Serra,Cap de la Serra,,42.61738,1.60429,T,RDGE,AD,,0,,,,0,,2626,Europe/Andorra,05-11-14
3039122,Roc de la Senyoreta,Roc de la Senyoreta,,42.44497,1.48872,T,RK,AD,,6,,,,0,,1221,Europe/Andorra,08-04-15
3039123,Bosc de la Senyoreta,Bosc de la Senyoreta,,42.44607,1.49014,V,FRST,AD,,6,,,,0,,1252,Europe/Andorra,08-04-15
3039124,Senyal Negre,Senyal Negre,,42.64862,1.56174,T,MT,AD,,5,,,,0,,2269,Europe/Andorra,05-11-14
3039125,Senyal de Missa,Senyal de Missa,,42.46753,1.48366,T,PK,AD,,6,,,,0,,1500,Europe/Andorra,08-04-15
3039126,Roc de Senders,Roc de Senders,,42.5026,1.52923,T,RK,AD,,7,,,,0,,1206,Europe/Andorra,06-05-15
3039127,Sella,Sella,,42.56258,1.59241,T,CLF,AD,,2,,,,0,,1549,Europe/Andorra,06-02-15
3039128,Riu del Seig,Riu del Seig,,42.57064,1.61092,H,STM,AD,,2,,,,0,,1569,Europe/Andorra,03-12-14
3039129,Canal del Seig,Canal del Seig,,42.60689,1.53368,H,STM,AD,,5,,,,0,,1600,Europe/Andorra,03-12-14
3039130,Sol√  de Segudet,Sola de Segudet,,42.56053,1.53745,T,SLP,AD,,5,,,,0,,1528,Europe/Andorra,06-02-15
3039131,Riu de Segudet,Riu de Segudet,,42.5579,1.54232,H,STM,AD,,5,,,,0,,1408,Europe/Andorra,06-02-15
3039132,Segudet,Segudet,Segudet,42.55713,1.53808,P,PPL,AD,,5,,,,0,,1341,Europe/Andorra,05-11-14
3039133,Estany Segon,Estany Segon,,42.61012,1.72483,H,LK,AD,,2,,,,0,,2294,Europe/Andorra,03-12-14
3039134,Torrent del Segalars,Torrent del Segalars,,42.53784,1.58428,H,STM,AD,,3,,,,0,,1278,Europe/Andorra,06-02-15
3039135,Cam√≠ de Sedornet,Cami de Sedornet,,42.58966,1.51235,R,TRL,AD,,5,,,,0,,1819,Europe/Andorra,03-12-14
3039136,Bordes de Sedornet,Bordes de Sedornet,,42.59057,1.51759,S,HUT,AD,,5,,,,0,,1735,Europe/Andorra,05-11-14
3039137,Costa Seda,Costa Seda,,42.48678,1.50183,T,SLP,AD,,7,,,,0,,1347,Europe/Andorra,08-03-15
3039138,Planells Secants,Planells Secants,,42.43506,1.53791,T,UPLD,AD,,6,,,,0,,2130,Europe/Andorra,08-04-15
3039139,Riu Sec,Riu Sec,,42.52218,1.47458,H,STM,AD,,4,,,,0,,1804,Europe/Andorra,08-03-15
3039140,Estany Sec,Estany Sec,,42.47272,1.62321,H,LK,AD,,8,,,,0,,2335,Europe/Andorra,08-04-15
3039141,Borda del Savoiano,Borda del Savoiano,,42.55854,1.52635,S,HUT,AD,,5,,,,0,,1438,Europe/Andorra,06-02-15
3039142,Serra de la Sauvata,Serra de la Sauvata,,42.5735,1.57811,T,SPUR,AD,,2,,,,0,,2257,Europe/Andorra,03-12-14
3039143,Costa de la Sauvata,Costa de la Sauvata,,42.57536,1.58103,T,SLP,AD,,2,,,,0,,2164,Europe/Andorra,03-12-14
3039144,Roc del Sastre,Roc del Sastre,"Roc del Sastra,Roc del Sastre",42.5779,1.62507,T,SPUR,AD,,2,,,,0,,1670,Europe/Andorra,03-12-14
3039145,Pont Sassanat,Pont Sassanat,,42.50061,1.55539,S,BDG,AD,,8,,,,0,,1333,Europe/Andorra,06-05-15
3039146,Saquet,Saquet,,42.55487,1.59841,L,LCTY,AD,,2,,,,0,,1792,Europe/Andorra,06-02-15
3039147,Roc de Sant Vicen√ß,Roc de Sant Vicenc,,42.49551,1.49497,T,RK,AD,,7,,,,0,,1101,Europe/Andorra,08-03-15
3039148,Collet de Sant Vicen√ß,Collet de Sant Vicenc,,42.49704,1.49334,T,PASS,AD,,7,,,,0,,1182,Europe/Andorra,08-03-15
3039149,Sol√  de Santserra,Sola de Santserra,,42.47677,1.4572,T,SLP,AD,,6,,,,0,,1308,Europe/Andorra,08-03-15
3039151,Sant Rom√  de les Bons,Sant Roma de les Bons,"Sant Roma de les Bons,Sant Rom√  de les Bons",42.53907,1.5871,S,CH,AD,,3,,,,0,,1314,Europe/Andorra,10-03-16
3039152,Bosc de Sant Rom√ ,Bosc de Sant Roma,,42.45309,1.49933,V,FRST,AD,,6,,,,0,,1169,Europe/Andorra,08-04-15
3039153,Sant Rom√ ,Sant Roma,,42.4527,1.49807,S,CH,AD,,6,,,,0,,1231,Europe/Andorra,05-11-14
3039154,El Tarter,El Tarter,"Ehl Tarter,–≠–ª –¢–∞—Ä—Ç–µ—Ä",42.57952,1.65362,P,PPL,AD,,2,,,,1052,,1721,Europe/Andorra,03-11-12
3039155,Sant Miquel d'Engolasters,Sant Miquel d'Engolasters,Sant Miquel d'Engolasters,42.51094,1.56008,S,CH,AD,AD,7,,,,0,,1489,Europe/Andorra,05-04-07
3039156,Sant Miquel de Fontaneda,Sant Miquel de Fontaneda,"Sant Miquel,Sant Miquel de Fontaneda",42.45439,1.46489,S,CH,AD,,6,,,,0,,1262,Europe/Andorra,08-04-15
3039157,Sol√  de Sant Miquel,Sola de Sant Miquel,,42.58601,1.66094,T,SLP,AD,,2,,,,0,,1940,Europe/Andorra,03-12-14
3039158,Roc de Sant Miquel,Roc de Sant Miquel,,42.58209,1.65845,T,CLF,AD,,2,,,,0,,1939,Europe/Andorra,03-12-14
3039159,Drecera de Sant Mart√≠,Drecera de Sant Marti,,42.47776,1.4936,R,TRL,AD,,6,,,,0,,1077,Europe/Andorra,08-03-15
3039160,Sant Mart√≠,Sant Marti,,42.47537,1.49683,T,UPLD,AD,,6,,,,0,,1132,Europe/Andorra,08-03-15
3039161,Sant Mart√≠,Sant Marti,,42.47459,1.49488,S,RUIN,AD,,6,,,,0,,1073,Europe/Andorra,08-03-15
3039162,Sant Juli√  de L√≤ria,Sant Julia de Loria,"Parochia de Sant Julia de Loria,Parochia de Sant Juli√  de L√≤ria,Parroquia de Sant Julia de Loria,Parroquia de Sant Juli√  de L√≤ria,San Dzhulija de Lorija,San Julian de Loria,San Juli√°n de Loria,San Zhulija de Lorija,San-Zhulia-de-Lorija,Sant Chulija de Lorija,Sant Julia de Loria,Sant Julia de Loria koezoesseg,Sant Juli√  de Loria,Sant Juli√  de L√≤ria,Sant Juli√  de L√≤ria k√∂z√∂ss√©g,Sant Zhulija de Lorija,Sant-Zhulija-de-Lorija,sanjulliadelolia,sant jwlya dr lwrya,sant jwlya dy lwrya,santa juliya di loriya palli,sheng hu li ya-de luo li ya,sn gwlyh dh lwryh,snt hwlya dh lwrya,–°–∞–Ω –î–∂—É–ª–∏—è –¥–µ –õ–æ—Ä–∏—è,–°–∞–Ω –ñ—É–ª–∏—ò–∞ –¥–µ –õ–æ—Ä–∏—ò–∞,–°–∞–Ω-–ñ—É–ª–∏–∞-–¥–µ-–õ–æ—Ä–∏—è,–°–∞–Ω—Ç –ñ—É–ª–∏—ò–∞ –¥–µ –õ–æ—Ä–∏—ò–∞,–°–∞–Ω—Ç-–ñ—É–ª—ñ—è-–¥–µ-–õ–æ—Ä—ñ—è,’ç’°’∂’© ‘∫’∏÷Ç’¨’´’° ’§’• ‘º’∏÷Ä’´’°,◊°◊ü ◊í◊ï◊ú◊ô◊î ◊ì◊î ◊ú◊ï◊®◊ô◊î,ÿ≥ÿßŸÜÿ™ ÿ¨ŸàŸÑŸäÿß ÿØŸä ŸÑŸàÿ±Ÿäÿß,ÿ≥ÿßŸÜÿ™ ÿ¨ŸàŸÑ€åÿß ÿØÿ± ŸÑŸàÿ±€åÿß,ÿ≥ŸÜÿ™ ÿ≠ŸàŸÑ€åÿß ÿØŸá ŸÑŸàÿ±€åÿß,‡§∏‡§Ç‡§§ ‡§ú‡•Ç‡§≤‡§ø‡§Ø‡§æ ‡§°‡•Ä ‡§≤‡•ã‡§∞‡§ø‡§Ø‡§æ ‡§™‡§≤‡•ç‡§≤‡•Ä,·É°·Éê·Éú·É¢-·Éü·É£·Éö·Éò·Éê-·Éì·Éî-·Éö·Éù·É ·Éò·Éê,„Çµ„É≥„Éª„Ç∏„É•„É™„Ç¢„Éª„Éá„Éª„É≠„É™„Ç¢ÊïôÂå∫,Âú£ËÉ°Âà©Â®Ö-Âæ∑Ê¥õÈáå‰∫ö,ÏÇ∞Ï§ÑÎ¶¨ÏïÑÎç∞Î°úÎ¶¨ÏïÑ",42.46247,1.48247,A,ADM1,AD,,6,,,,9448,,1143,Europe/Andorra,30-07-14
3039163,Sant Juli√  de L√≤ria,Sant Julia de Loria,"San Julia,San Juli√ ,Sant Julia de Loria,Sant Juli√  de L√≤ria,Sant-Zhulija-de-Lorija,sheng hu li ya-de luo li ya,–°–∞–Ω—Ç-–ñ—É–ª–∏—è-–¥–µ-–õ–æ—Ä–∏—è,„Çµ„É≥„Éª„Ç∏„É•„É™„Ç¢„Éª„Éá„Éª„É≠„É™„Ç¢ÊïôÂå∫,Âú£ËÉ°Âà©Â®Ö-Âæ∑Ê¥õÈáå‰∫ö,Âú£ËÉ°Âà©Â®ÖÔºçÂæ∑Ê¥õÈáå‰∫ö",42.46372,1.49129,P,PPLA,AD,,6,,,,8022,,921,Europe/Andorra,23-11-13
3039164,Riu de Sant Josep,Riu de Sant Josep,,42.56485,1.75281,H,STM,AD,,2,,,,0,,1792,Europe/Andorra,05-11-14
3039165,Clot de Sant Josep,Clot de Sant Josep,,42.57901,1.70707,T,CRQ,AD,,2,,,,0,,2615,Europe/Andorra,03-12-14
3039166,Sant Joan de Caselles,Sant Joan de Caselles,"San Joan de Casettas,Sant Joan de Casellas,Sant Joan de Caselles",42.57116,1.60761,P,PPL,AD,,2,,,,0,,1552,Europe/Andorra,13-04-12
3039167,Serrat de Sant Jaume,Serrat de Sant Jaume,,42.53379,1.60619,T,SPUR,AD,,3,,,,0,,1815,Europe/Andorra,06-02-15
3039168,Sant Jaume,Sant Jaume,,42.58068,1.63858,S,CH,AD,,2,,,,0,,1703,Europe/Andorra,03-12-14
3039169,Sant Jaume,Sant Jaume,"Sant Jaume,Sant Joums",42.53417,1.60528,S,CH,AD,,3,,,,0,,1813,Europe/Andorra,06-02-15
3039170,Sant Esteve,Sant Esteve,,42.44038,1.49421,S,CH,AD,,6,,,,0,,1410,Europe/Andorra,08-04-15
3039171,Sant Esteve,Sant Esteve,,42.44186,1.45118,S,CH,AD,,6,,,,0,,1403,Europe/Andorra,08-04-15
3039172,Sant Crist√≤fol,Sant Cristofol,,42.44575,1.50285,S,SHRN,AD,,6,,,,0,,1489,Europe/Andorra,08-04-15
3039173,Sant Crist√≤fol,Sant Cristofol,,42.5346,1.52486,S,CH,AD,,4,,,,0,,1299,Europe/Andorra,06-02-15
3039174,Sol√  de Sant Cerni,Sola de Sant Cerni,,42.46971,1.50554,T,SLP,AD,,6,,,,0,,1134,Europe/Andorra,08-04-15
3039175,Egl√®sia de Sant Cerni,Eglesia de Sant Cerni,,42.56667,1.59738,S,CH,AD,,2,,,,0,,1544,Europe/Andorra,03-12-14
3039176,Sant Cerni,Sant Cerni,,42.46905,1.50228,S,CH,AD,,6,,,,0,,1102,Europe/Andorra,08-03-15
3039177,Sant Antoni de la Grella,Sant Antoni de la Grella,,42.52713,1.52117,S,CH,AD,,4,,,,0,,1182,Europe/Andorra,05-11-14
3039178,T√∫nels de Sant Antoni,Tunels de Sant Antoni,,42.52773,1.521,R,TNL,AD,,4,,,,0,,1182,Europe/Andorra,06-05-15
3039179,Pont de Sant Antoni,Pont de Sant Antoni,,42.52436,1.52128,S,BDG,AD,,4,,,,0,,1145,Europe/Andorra,06-02-15
3039180,Pont de Santa Creu,Pont de Santa Creu,,42.56566,1.59976,S,BDG,AD,,2,,,,0,,1532,Europe/Andorra,03-12-14
3039181,Santa Coloma,Santa Coloma,Santa Coloma,42.49454,1.49897,P,PPL,AD,,7,,,,0,,978,Europe/Andorra,05-11-14
3039182,Santa Caterina,Santa Caterina,,42.54588,1.51957,L,LCTY,AD,,4,,,,0,,1253,Europe/Andorra,06-02-15
3039183,Cortal del Sansa,Cortal del Sansa,,42.49205,1.51749,S,CRRL,AD,,7,,,,0,,1445,Europe/Andorra,05-11-14
3039184,Portella de Sanfons,Portella de Sanfons,Portella de Sanfons,42.57284,1.43574,T,PASS,AD,"AD,ES",0,,,,0,,2527,Europe/Andorra,05-11-14
3039185,Pic de Sanfons,Pic de Sanfons,Pic de Sanfons,42.58707,1.42735,T,PK,AD,"AD,ES",0,,,,0,2894,2860,Europe/Andorra,24-03-15
3039186,Roc de la Salve,Roc de la Salve,,42.53454,1.59271,T,RK,AD,,3,,,,0,,1461,Europe/Andorra,06-02-15
3039187,Bosc de la Salvata,Bosc de la Salvata,,42.45256,1.52708,V,FRST,AD,,6,,,,0,,1630,Europe/Andorra,08-04-15
3039188,Solana del Saltader,Solana del Saltader,,42.56683,1.53328,T,SLP,AD,,5,,,,0,,1503,Europe/Andorra,03-12-14
3039189,Clot del Saltader,Clot del Saltader,,42.56926,1.47607,H,RVN,AD,,4,,,,0,,1671,Europe/Andorra,05-11-14
3039190,Roc del Salt,Roc del Salt,,42.58651,1.59332,T,RK,AD,,2,,,,0,,2409,Europe/Andorra,06-05-15
3039191,Clot del Salt,Clot del Salt,,42.58747,1.59385,H,RVN,AD,,2,,,,0,,2331,Europe/Andorra,03-12-14
3039192,Rius de les Salses,Rius de les Salses,,42.63331,1.50223,H,STM,AD,,5,,,,0,,1929,Europe/Andorra,05-11-14
3039193,Pont de les Salines,Pont de les Salines,,42.61018,1.53765,S,BDG,AD,,5,,,,0,,1478,Europe/Andorra,03-12-14
3039194,Costa de les Salines,Costa de les Salines,,42.61087,1.54022,T,SLP,AD,,5,,,,0,,1563,Europe/Andorra,03-12-14
3039195,Bosc de les Salines,Bosc de les Salines,,42.60991,1.52954,V,FRST,AD,,5,,,,0,,1888,Europe/Andorra,03-12-14
3039196,Basses de les Salamandres,Basses de les Salamandres,,42.60389,1.66216,H,LKS,AD,,2,,,,0,,2348,Europe/Andorra,05-11-14
3039197,Costa de la Salamandra,Costa de la Salamandra,,42.55212,1.43516,T,SLP,AD,,4,,,,0,,2100,Europe/Andorra,06-02-15
3039198,Costa Salamandra,Costa Salamandra,,42.50371,1.48734,T,SLP,AD,,7,,,,0,,1526,Europe/Andorra,08-03-15
3039199,Roca de la Sabina,Roca de la Sabina,,42.57144,1.47162,T,SLP,AD,,4,,,,0,,1913,Europe/Andorra,05-11-14
3039200,Cortal del Sabater,Cortal del Sabater,,42.44499,1.47682,S,CRRL,AD,,6,,,,0,,1043,Europe/Andorra,08-04-15
3039201,Bosc del Sabater,Bosc del Sabater,,42.4443,1.47967,V,FRST,AD,,6,,,,0,,859,Europe/Andorra,08-04-15
3039202,Borda del Sabater,Borda del Sabater,,42.44537,1.48222,S,FRM,AD,,6,,,,0,,913,Europe/Andorra,08-04-15
3039203,Canal dels Rulls,Canal dels Rulls,,42.47635,1.47446,H,STM,AD,,6,,,,0,,1041,Europe/Andorra,06-05-15
3039204,Canal de Ruixol,Canal de Ruixol,,42.58871,1.52149,H,STM,AD,,5,,,,0,,1436,Europe/Andorra,03-12-14
3039205,Torrent del Ru√Øder,Torrent del Ruider,,42.57705,1.47981,H,STM,AD,,4,,,,0,,1553,Europe/Andorra,05-11-14
3039206,Roc del Ru√Øder,Roc del Ruider,,42.58063,1.48135,T,SPUR,AD,,4,,,,0,,1751,Europe/Andorra,05-11-14
3039207,Pala del Ruf,Pala del Ruf,,42.58765,1.44952,T,SLP,AD,,4,,,,0,,2541,Europe/Andorra,05-11-14
3039208,Basses del Ruf,Basses del Ruf,,42.5867,1.45048,H,LKS,AD,,4,,,,0,,2452,Europe/Andorra,05-11-14
3039209,Serrat de Rudielles,Serrat de Rudielles,,42.49491,1.45848,T,SPUR,AD,,0,,,,0,,1758,Europe/Andorra,08-03-15
3039210,Canal de Rudielles,Canal de Rudielles,,42.48862,1.45191,H,STM,AD,,0,,,,0,,1263,Europe/Andorra,08-03-15
3039211,Vial de Rubials,Vial de Rubials,,42.48312,1.45005,R,TRL,AD,,6,,,,0,,1341,Europe/Andorra,08-03-15
3039212,Torrent de Rubials,Torrent de Rubials,,42.48414,1.45363,H,STM,AD,,6,,,,0,,1210,Europe/Andorra,08-03-15
3039213,Solana de Rubials,Solana de Rubials,,42.48401,1.44628,T,SLP,AD,,6,,,,0,,1488,Europe/Andorra,08-03-15
3039214,Rua del Terrer Roi,Rua del Terrer Roi,,42.44286,1.51518,L,LCTY,AD,,6,,,,0,,1735,Europe/Andorra,08-04-15
3039215,Bosc de Roures,Bosc de Roures,,42.60024,1.52409,V,FRST,AD,,5,,,,0,,1704,Europe/Andorra,03-12-14
3039216,Collet de Roques Negres,Collet de Roques Negres,,42.45078,1.4475,T,PASS,AD,,6,,,,0,,1707,Europe/Andorra,08-04-15
3039217,Roques Negres,Roques Negres,,42.45124,1.44594,L,LCTY,AD,,6,,,,0,,1721,Europe/Andorra,08-04-15
3039218,Serrat de Roques Grosses,Serrat de Roques Grosses,,42.58121,1.59754,T,SPUR,AD,,2,,,,0,,2258,Europe/Andorra,03-12-14
3039219,Canal de Roques Blanques,Canal de Roques Blanques,,42.49952,1.49843,H,STM,AD,,7,,,,0,,1090,Europe/Andorra,08-03-15
3039220,Fontanal de les Roques,Fontanal de les Roques,,42.5311,1.46618,H,SPNG,AD,,4,,,,0,,2035,Europe/Andorra,06-02-15
3039221,Pleta de les Romes,Pleta de les Romes,,42.6438,1.55782,L,GRAZ,AD,,5,,,,0,,2064,Europe/Andorra,05-11-14
3039222,Font Roja,Font Roja,,42.54252,1.44615,H,SPNG,AD,,4,,,,0,,2013,Europe/Andorra,06-02-15
3039223,Font Roja,Font Roja,,42.47534,1.49847,H,SPNG,AD,,6,,,,0,,1217,Europe/Andorra,08-03-15
3039225,Grau Roig,Grau Roig,,42.58134,1.47244,T,SLP,AD,,4,,,,0,,1721,Europe/Andorra,05-11-14
3039226,Borda de Roig,Borda de Roig,,42.57414,1.58993,S,HUT,AD,,2,,,,0,,1885,Europe/Andorra,03-12-14
3039227,Fonts Roges,Fonts Roges,,42.57051,1.45914,H,SPNG,AD,,4,,,,0,,2161,Europe/Andorra,05-11-14
3039228,Fonts Roges,Fonts Roges,,42.56407,1.64446,H,SPNG,AD,,2,,,,0,,2122,Europe/Andorra,06-02-15
3039229,Canals Roges,Canals Roges,,42.58368,1.71285,H,RVN,AD,,2,,,,0,,2510,Europe/Andorra,03-12-14
3039230,Basses Roges,Basses Roges,,42.47092,1.55955,H,LKS,AD,,8,,,,0,,2387,Europe/Andorra,08-04-15
3039231,Font Rodona,Font Rodona,,42.5482,1.42423,H,SPNG,AD,,4,,,,0,,2241,Europe/Andorra,06-02-15
3039232,Costa Rodona,Costa Rodona,,42.64918,1.48466,T,SLP,AD,,5,,,,0,,2493,Europe/Andorra,05-11-14
3039233,Costa Rodona,Costa Rodona,,42.58166,1.44422,T,SLP,AD,,4,,,,0,,2281,Europe/Andorra,05-11-14
3039234,Costa Rodona,Costa Rodona,,42.5542,1.72321,T,SLP,AD,,2,,,,0,,2498,Europe/Andorra,08-03-15
3039235,Bo√Øga Rodona,Boiga Rodona,,42.44407,1.53258,V,CULT,AD,,6,,,,0,,1831,Europe/Andorra,08-04-15
3039236,Bosc del R√≥dol,Bosc del Rodol,,42.49006,1.57324,V,FRST,AD,,8,,,,0,,2055,Europe/Andorra,05-11-14
3039237,Tur√≥ Rod√≥,Turo Rodo,,42.57146,1.54149,T,PK,AD,,5,,,,0,,1872,Europe/Andorra,03-12-14
3039238,Roc Rod√≥,Roc Rodo,,42.55877,1.43352,T,SPUR,AD,,4,,,,0,,2322,Europe/Andorra,06-02-15
3039239,Roc Rod√≥,Roc Rodo,,42.56921,1.49279,T,SPUR,AD,,4,,,,0,,1555,Europe/Andorra,05-11-14
3039240,Pla de Rod√≥,Pla de Rodo,,42.54287,1.43557,T,UPLD,AD,,4,,,,0,,2030,Europe/Andorra,06-02-15
3039241,Estany Rod√≥,Estany Rodo,,42.52213,1.68115,H,LK,AD,,3,,,,0,,2379,Europe/Andorra,08-04-15
3039242,Estany Rod√≥,Estany Rodo,,42.49518,1.65469,H,LK,AD,,3,,,,0,,2480,Europe/Andorra,05-11-14
3039243,Bony Rod√≥,Bony Rodo,,42.61625,1.54478,T,SPUR,AD,,5,,,,0,,1751,Europe/Andorra,05-11-14
3039244,Rocs Tous,Rocs Tous,,42.54082,1.5801,L,LCTY,AD,,3,,,,0,,1560,Europe/Andorra,06-02-15
3039245,Rocs Negres,Rocs Negres,,42.54128,1.61407,L,AREA,AD,,3,,,,0,,2170,Europe/Andorra,05-11-14
3039246,Planell del Roc Gros,Planell del Roc Gros,,42.58879,1.48831,T,UPLD,AD,,4,,,,0,,2209,Europe/Andorra,05-11-14
3039247,Bosc del Roc Gros,Bosc del Roc Gros,,42.58606,1.48585,V,FRST,AD,,4,,,,0,,2053,Europe/Andorra,05-11-14
3039248,Serra del Roc del Rellotge,Serra del Roc del Rellotge,,42.61479,1.57912,T,MT,AD,,5,,,,0,,2451,Europe/Andorra,05-11-14
3039249,Font del Roc del Porquer,Font del Roc del Porquer,,42.59237,1.45511,H,SPNG,AD,,4,,,,0,,2341,Europe/Andorra,05-11-14
3039250,Canal del Roc de la Grael,Canal del Roc de la Grael,,42.5164,1.53241,H,STM,AD,,8,,,,0,,1162,Europe/Andorra,06-05-15
3039251,Roca Podrida,Roca Podrida,,42.55124,1.50757,L,LCTY,AD,,4,,,,0,,1326,Europe/Andorra,06-02-15
3039252,Costa de Roca Negra,Costa de Roca Negra,,42.58879,1.58678,T,SLP,AD,,2,,,,0,,2230,Europe/Andorra,03-12-14
3039253,Canal de Rocanegra,Canal de Rocanegra,,42.49634,1.45717,H,STM,AD,,7,,,,0,,1735,Europe/Andorra,08-03-15
3039254,Canal de Roca Major,Canal de Roca Major,,42.43697,1.49762,H,RVN,AD,,6,,,,0,,1571,Europe/Andorra,08-04-15
3039255,Planell de la Roca Grossa,Planell de la Roca Grossa,,42.56664,1.70066,T,UPLD,AD,,2,,,,0,,2409,Europe/Andorra,03-12-14
3039256,Planell de Roca Grossa,Planell de Roca Grossa,,42.56066,1.67345,T,UPLD,AD,,2,,,,0,,2132,Europe/Andorra,06-02-15
3039257,Canal de Rocafort,Canal de Rocafort,,42.46465,1.49106,H,STM,AD,,6,,,,0,,913,Europe/Andorra,08-04-15
3039258,Rocafort,Rocafort,,42.46419,1.48672,L,AREA,AD,,6,,,,0,,1097,Europe/Andorra,08-04-15
3039259,Solana de la Roca de la Sabina,Solana de la Roca de la Sabina,,42.57064,1.47456,T,SLP,AD,,4,,,,0,,1773,Europe/Andorra,05-11-14
3039260,Canal de la Roca Blanca,Canal de la Roca Blanca,,42.51929,1.52398,H,STM,AD,,7,,,,0,,1107,Europe/Andorra,06-05-15
3039261,Vial de la Roca,Vial de la Roca,,42.55689,1.61052,R,RD,AD,,2,,,,0,,1911,Europe/Andorra,06-02-15
3039262,Pala de la Roca,Pala de la Roca,,42.55818,1.61607,T,SLP,AD,,2,,,,0,,2031,Europe/Andorra,06-02-15
3039263,Bosc de la Roca,Bosc de la Roca,,42.5514,1.45579,V,FRST,AD,,4,,,,0,,2051,Europe/Andorra,06-02-15
3039264,Pont del Riu Montaner,Pont del Riu Montaner,,42.53,1.52027,S,BDG,AD,,4,,,,0,,1182,Europe/Andorra,06-02-15
3039265,Cam√≠ del Riu del Seig,Cami del Riu del Seig,,42.56535,1.60304,R,TRL,AD,,2,,,,0,,1597,Europe/Andorra,06-02-15
3039266,Riu del Seig,Riu del Seig,,42.56905,1.61063,L,AREA,AD,,2,,,,0,,1702,Europe/Andorra,03-12-14
3039267,Forat del Riu dels Clots de Massat,Forat del Riu dels Clots de Massat,,42.56117,1.69283,H,RVN,AD,,2,,,,0,,2178,Europe/Andorra,08-03-15
3039268,Fonts del Riu de les Cebes,Fonts del Riu de les Cebes,,42.6203,1.59057,H,SPNG,AD,,5,,,,0,,2395,Europe/Andorra,05-11-14
3039269,Costa del Riu de les Cebes,Costa del Riu de les Cebes,,42.6208,1.5871,T,SLP,AD,,5,,,,0,,2378,Europe/Andorra,05-11-14
3039270,Collada del Riu de les Cebes,Collada del Riu de les Cebes,,42.62258,1.58847,T,SPUR,AD,,5,,,,0,,2508,Europe/Andorra,05-11-14
3039271,Bony del Riu de les Cebes,Bony del Riu de les Cebes,,42.61744,1.58969,T,RK,AD,,5,,,,0,,2395,Europe/Andorra,05-11-14
3039272,Prats del Riu,Prats del Riu,,42.46812,1.50541,L,GRAZ,AD,,6,,,,0,,1130,Europe/Andorra,08-04-15
3039273,Canal de Rita,Canal de Rita,,42.5315,1.58544,H,STM,AD,,3,,,,0,,1382,Europe/Andorra,06-02-15
3039274,Sol√  del Riguer,Sola del Riguer,,42.49159,1.54716,T,SLP,AD,,8,,,,0,,2046,Europe/Andorra,06-05-15
3039275,Obaga del Riguer,Obaga del Riguer,,42.48885,1.54245,T,SLP,AD,,7,,,,0,,1815,Europe/Andorra,06-05-15
3039276,Bordes de Rigoder,Bordes de Rigoder,,42.53794,1.61648,S,HUT,AD,,3,,,,0,,1945,Europe/Andorra,05-11-14
3039277,Bosc de les Ribes,Bosc de les Ribes,,42.55492,1.54882,V,FRST,AD,,5,,,,0,,1638,Europe/Andorra,06-02-15
3039278,Riberal d‚ÄôEnvalira,Riberal d'Envalira,,42.52817,1.70602,L,LCTY,AD,,3,,,,0,,2294,Europe/Andorra,05-11-14
3039279,Canals de Ribera,Canals de Ribera,,42.43732,1.4783,H,STM,AD,,6,,,,0,,976,Europe/Andorra,08-04-15
3039280,Ribassot,Ribassot,,42.57875,1.4849,L,LCTY,AD,,4,,,,0,,1735,Europe/Andorra,05-11-14
3039281,Torrent de Ribassols,Torrent de Ribassols,,42.57626,1.48074,H,STM,AD,,4,,,,0,,1529,Europe/Andorra,05-11-14
3039282,Torrent Ribal,Torrent Ribal,,42.57798,1.47811,H,STM,AD,,4,,,,0,,1556,Europe/Andorra,05-11-14
3039283,Tosa de Riba Escorjada,Tosa de Riba Escorjada,,42.55522,1.65207,T,UPLD,AD,,2,,,,0,,2423,Europe/Andorra,06-02-15
3039284,Solanelles de Riba Escorjada,Solanelles de Riba Escorjada,,42.56203,1.63508,T,SLP,AD,,2,,,,0,,2296,Europe/Andorra,06-02-15
3039285,Planells de Riba Escorjada,Planells de Riba Escorjada,,42.56712,1.63987,T,UPLD,AD,,2,,,,0,,2065,Europe/Andorra,06-02-15
3039286,Cam√≠ de Riba Escorjada,Cami de Riba Escorjada,,42.57117,1.642,R,TRL,AD,,2,,,,0,,2038,Europe/Andorra,03-12-14
3039287,Cam√≠ de Riba Escorjada,Cami de Riba Escorjada,,42.55858,1.60283,R,TRL,AD,,2,,,,0,,1750,Europe/Andorra,06-02-15
3039288,Riba Escorjada,Riba Escorjada,,42.55967,1.64338,L,AREA,AD,,2,,,,0,,2187,Europe/Andorra,05-11-14
3039289,Bosc de Riba,Bosc de Riba,,42.5564,1.58376,V,FRST,AD,,2,,,,0,,1693,Europe/Andorra,06-02-15
3039290,Bosc del Riambert,Bosc del Riambert,,42.57647,1.52146,V,FRST,AD,,5,,,,0,,1493,Europe/Andorra,03-12-14
3039291,Riu de Rialb,Riu de Rialb,"Riu de Rialb,Riu de Rialp",42.61495,1.53726,H,STM,AD,,5,,,,0,,1506,Europe/Andorra,05-11-14
3039292,Portella de Rialb,Portella de Rialb,,42.63958,1.5341,T,PASS,AD,,5,,,,0,,2445,Europe/Andorra,05-11-14
3039293,Basera de Rialb,Basera de Rialb,,42.64523,1.56312,T,CLF,AD,,5,,,,0,,2206,Europe/Andorra,05-11-14
3039294,Rialb,Rialb,,42.64767,1.5509,L,AREA,AD,,5,,,,0,,2115,Europe/Andorra,05-11-14
3039295,Pala de Rep,Pala de Rep,,42.54246,1.60643,T,SLP,AD,,3,,,,0,,2154,Europe/Andorra,06-05-15
3039296,Coll del Rep,Coll del Rep,,42.44971,1.47358,T,PASS,AD,,6,,,,0,,1335,Europe/Andorra,08-04-15
3039297,Cap de Rep,Cap de Rep,"Cap de Rep,Cap de l'Ovella,Cap de l‚ÄôOvella",42.54325,1.61092,T,PK,AD,,0,,,,0,,2302,Europe/Andorra,01-10-14
3039298,Rep,Rep,,42.54767,1.5992,L,AREA,AD,,2,,,,0,,1836,Europe/Andorra,05-11-14
3039299,Roc del Rellotge,Roc del Rellotge,,42.61638,1.57199,T,SPUR,AD,,5,,,,0,,2170,Europe/Andorra,05-11-14
3039300,Roc del Rellotge,Roc del Rellotge,,42.56333,1.62611,T,RK,AD,,2,,,,0,,2317,Europe/Andorra,06-02-15
3039301,Font de les Re√Øneres,Font de les Reineres,,42.60175,1.68188,H,SPNG,AD,,2,,,,0,,1875,Europe/Andorra,03-12-14
3039302,Solana de la Regal√≠ssia,Solana de la Regalissia,,42.48783,1.42167,T,SLP,AD,,6,,,,0,,1964,Europe/Andorra,08-03-15
3039303,Obaga de Redort,Obaga de Redort,,42.55721,1.55846,T,SLP,AD,,5,,,,0,,1696,Europe/Andorra,06-02-15
3039304,Redort,Redort,,42.55959,1.55223,L,LCTY,AD,,5,,,,0,,1556,Europe/Andorra,05-11-14
3039305,Clot de la Rectoria,Clot de la Rectoria,,42.51922,1.49863,H,RVN,AD,,4,,,,0,,1948,Europe/Andorra,08-03-15
3039306,Serrat del Rec d‚ÄôAreny,Serrat del Rec d'Areny,,42.58945,1.46259,T,SPUR,AD,,4,,,,0,,1974,Europe/Andorra,05-11-14
3039307,Bosc de R√®bols,Bosc de Rebols,,42.46492,1.52539,V,FRST,AD,,6,,,,0,,1883,Europe/Andorra,08-04-15
3039308,Pont de la Rebollissa,Pont de la Rebollissa,,42.61707,1.53638,S,BDG,AD,,5,,,,0,,1541,Europe/Andorra,05-11-14
3039309,Llanesques de les Rebes,Llanesques de les Rebes,,42.62512,1.6278,T,CLF,AD,,2,,,,0,,2595,Europe/Andorra,05-11-14
3039310,Clot de les Rebes,Clot de les Rebes,,42.62141,1.63071,H,RVN,AD,,2,,,,0,,2404,Europe/Andorra,05-11-14
3039311,Rebaixant del Mai√ ,Rebaixant del Maia,,42.56396,1.74459,L,LCTY,AD,,2,,,,0,,1904,Europe/Andorra,03-12-14
3039312,Canal de la Rata,Canal de la Rata,,42.58023,1.46982,H,RVN,AD,,4,,,,0,,1778,Europe/Andorra,05-11-14
3039313,Port de Rat,Port de Rat,"Port de Rat,Port de Rat du D'Auzat",42.62127,1.47371,T,PASS,AD,"FR,AD",7,,,,0,,2557,Europe/Andorra,04-03-07
3039315,Rasa de Perafita,Rasa de Perafita,,42.48265,1.58675,T,UPLD,AD,,8,,,,0,,2397,Europe/Andorra,06-05-15
3039316,Costa Rasa,Costa Rasa,,42.46548,1.44456,T,SLP,AD,,6,,,,0,,1860,Europe/Andorra,08-04-15
3039317,Bosc de la Rasa,Bosc de la Rasa,,42.46072,1.53621,V,FRST,AD,,6,,,,0,,1992,Europe/Andorra,08-04-15
3039318,Presa de Ransol,Presa de Ransol,,42.57816,1.63948,S,DAM,AD,,2,,,,0,,1655,Europe/Andorra,03-12-14
3039319,Carretera de Ransol,Carretera de Ransol,,42.58082,1.63251,R,RD,AD,,2,,,,0,,1773,Europe/Andorra,03-12-14
3039320,Ransol,Ransol,,42.58137,1.63812,P,PPL,AD,,2,,,,0,,1728,Europe/Andorra,16-04-07
3039321,Roca de R√ mio,Roca de Ramio,,42.499,1.57458,T,RK,AD,,8,,,,0,,1730,Europe/Andorra,06-05-15
3039322,R√ mio,Ramio,,42.49734,1.57401,P,PPL,AD,,8,,,,0,,1639,Europe/Andorra,06-05-15
3039323,Canal del Ramer,Canal del Ramer,,42.56887,1.4818,H,RVN,AD,,4,,,,0,,1662,Europe/Andorra,05-11-14
3039324,Canal de la Ramenada,Canal de la Ramenada,,42.50245,1.50757,H,STM,AD,,7,,,,0,,1074,Europe/Andorra,06-05-15
3039325,Cam√≠ Ral,Cami Ral,,42.54763,1.59256,R,TRL,AD,,2,,,,0,,1444,Europe/Andorra,06-02-15
3039326,Cam√≠ Ral,Cami Ral,,42.53785,1.5906,R,TRL,AD,,3,,,,0,,1373,Europe/Andorra,06-02-15
3039327,Radonella,Radonella,,42.48629,1.44949,L,LCTY,AD,,6,,,,0,,1345,Europe/Andorra,08-03-15
3039328,Radio Andorra,Radio Andorra,Radio Andorra,42.5282,1.57089,S,STNR,AD,,3,,,,0,,1260,Europe/Andorra,10-03-16
3039329,Racons,Racons,,42.55774,1.58461,L,AREA,AD,,2,,,,0,,1633,Europe/Andorra,05-11-14
3039330,Pic de la Raconada de la Maiana,Pic de la Raconada de la Maiana,Pic de la Raconada de la Maiana,42.46449,1.60858,T,PK,AD,"AD,ES",0,,,,0,,2679,Europe/Andorra,05-11-14
3039331,Clots de la Raconada de la Maiana,Clots de la Raconada de la Maiana,,42.47229,1.60896,T,CRQ,AD,,8,,,,0,,2366,Europe/Andorra,06-05-15
3039332,Pic de Racofred,Pic de Racofred,"Pic de Racofred,Pic de Racofret",42.60201,1.45053,T,PK,AD,"AD,FR",0,,,,0,,2751,Europe/Andorra,05-11-14
3039333,Rac√≥ de l‚ÄôEstany de Cabana Sorda,Raco de l'Estany de Cabana Sorda,,42.61791,1.66791,L,LCTY,AD,,2,,,,0,,2466,Europe/Andorra,05-11-14
3039334,Pleta del Rac√≥,Pleta del Raco,,42.62703,1.5708,L,GRAZ,AD,,5,,,,0,,2186,Europe/Andorra,05-11-14
3039335,Pleta del Rac√≥,Pleta del Raco,,42.58225,1.4517,L,GRAZ,AD,,4,,,,0,,2210,Europe/Andorra,05-11-14
3039336,Canal del Rac√≥,Canal del Raco,,42.57438,1.48712,H,RVN,AD,,4,,,,0,,1702,Europe/Andorra,05-11-14
3039337,Bassa del Rac√≥,Bassa del Raco,,42.61919,1.49881,H,LK,AD,,5,,,,0,,2330,Europe/Andorra,05-11-14
3039338,Pleta de la Rabassa,Pleta de la Rabassa,,42.62944,1.55699,L,GRAZ,AD,,5,,,,0,,1873,Europe/Andorra,05-11-14
3039339,Carretera de la Rabassa,Carretera de la Rabassa,,42.44125,1.50146,R,RD,AD,,6,,,,0,,1595,Europe/Andorra,08-04-15
3039340,Canya de la Rabassa,Canya de la Rabassa,,42.62594,1.55252,S,CAVE,AD,,5,,,,0,,1810,Europe/Andorra,05-11-14
3039341,Bosc de la Rabassa,Bosc de la Rabassa,,42.43843,1.50916,V,FRST,AD,,6,,,,0,,1766,Europe/Andorra,08-04-15
3039342,Solana del Querol,Solana del Querol,,42.58728,1.52907,T,SLP,AD,,5,,,,0,,1559,Europe/Andorra,03-12-14
3039343,Riu del Querol,Riu del Querol,,42.58903,1.66775,H,STM,AD,,2,,,,0,,1781,Europe/Andorra,03-12-14
3039344,Riu del Querol,Riu del Querol,,42.58598,1.52234,H,STM,AD,,5,,,,0,,1376,Europe/Andorra,03-12-14
3039345,Pleta del Querol,Pleta del Querol,,42.59565,1.65851,L,GRAZ,AD,,2,,,,0,,2196,Europe/Andorra,03-12-14
3039346,Estany√≥ del Querol,Estanyo del Querol,,42.59981,1.6597,H,LK,AD,,2,,,,0,,2300,Europe/Andorra,03-12-14
3039347,Serrat de la Quera,Serrat de la Quera,,42.52608,1.51856,T,RDGE,AD,,4,,,,0,,1310,Europe/Andorra,06-05-15
3039348,Canal Gran de la Quera,Canal Gran de la Quera,,42.45374,1.46677,H,STM,AD,,6,,,,0,,1272,Europe/Andorra,08-04-15
3039349,Bosc de la Quera,Bosc de la Quera,,42.52679,1.5179,V,FRST,AD,,4,,,,0,,1367,Europe/Andorra,06-05-15
3039350,Roc del Quer,Roc del Quer,,42.62409,1.55442,T,SPUR,AD,,5,,,,0,,1978,Europe/Andorra,05-11-14
3039351,Roc del Quer,Roc del Quer,,42.5496,1.51454,T,SPUR,AD,,4,,,,0,,1336,Europe/Andorra,06-02-15
3039352,Roc del Quer,Roc del Quer,,42.57692,1.48272,T,RK,AD,,4,,,,0,,1545,Europe/Andorra,05-11-14
3039353,Roc del Quer,Roc del Quer,,42.5283,1.60242,T,RK,AD,,3,,,,0,,1830,Europe/Andorra,06-02-15
3039354,Roc del Quer,Roc del Quer,,42.5661,1.59185,T,CLF,AD,,2,,,,0,,1631,Europe/Andorra,06-02-15
3039355,Roc de Quer,Roc de Quer,,42.48008,1.46912,T,RKS,AD,,6,,,,0,,1218,Europe/Andorra,08-03-15
3039356,Planell del Quer,Planell del Quer,,42.62387,1.55877,T,UPLD,AD,,5,,,,0,,2044,Europe/Andorra,05-11-14
3039357,Canal del Quer,Canal del Quer,,42.62652,1.5562,H,RVN,AD,,5,,,,0,,1889,Europe/Andorra,05-11-14
3039358,Canal del Quer,Canal del Quer,,42.52851,1.60146,H,RVN,AD,,3,,,,0,,1848,Europe/Andorra,06-05-15
3039359,Bosc del Quer,Bosc del Quer,,42.52948,1.60282,V,FRST,AD,,3,,,,0,,1752,Europe/Andorra,06-05-15
3039360,Sol√  del Quart de Nagol,Sola del Quart de Nagol,,42.47568,1.51985,T,SLP,AD,,6,,,,0,,1750,Europe/Andorra,06-05-15
3039361,Collet Purgat,Collet Purgat,,42.47248,1.47539,T,PK,AD,,6,,,,0,,1347,Europe/Andorra,08-04-15
3039363,Pont de Puntal,Pont de Puntal,,42.62258,1.54489,S,BDG,AD,,5,,,,0,,1660,Europe/Andorra,05-11-14
3039364,Bosc de Puntal,Bosc de Puntal,,42.62599,1.54425,V,FRST,AD,,5,,,,0,,1885,Europe/Andorra,05-11-14
3039365,Puntal,Puntal,,42.62472,1.54669,L,LCTY,AD,,5,,,,0,,1738,Europe/Andorra,05-11-14
3039366,Vial dels Pujols,Vial dels Pujols,,42.48183,1.4881,R,TRL,AD,,7,,,,0,,961,Europe/Andorra,08-03-15
3039367,Tarteres dels Pujols,Tarteres dels Pujols,,42.48185,1.48395,T,TAL,AD,,7,,,,0,,1187,Europe/Andorra,08-03-15
3039368,Roc del Pujol,Roc del Pujol,,42.47329,1.50108,T,RK,AD,,6,,,,0,,1160,Europe/Andorra,08-04-15
3039369,Pujant de Donges,Pujant de Donges,,42.45127,1.50732,L,LCTY,AD,,6,,,,0,,1315,Europe/Andorra,08-04-15
3039371,Borda del Puigcernal,Borda del Puigcernal,,42.56265,1.59776,S,HUT,AD,,2,,,,0,,1601,Europe/Andorra,06-05-15
3039372,Pui d‚ÄôOlivesa,Pui d'Olivesa,,42.45931,1.48756,S,FRM,AD,,6,,,,0,,894,Europe/Andorra,08-04-15
3039373,Pui d‚ÄôEncamp,Pui d'Encamp,,42.5276,1.57105,L,LCTY,AD,,3,,,,0,,1292,Europe/Andorra,06-02-15
3039374,Estany Primer,Estany Primer,,42.63721,1.49019,H,LK,AD,,5,,,,0,,2251,Europe/Andorra,12-01-10
3039375,Estany Primer,Estany Primer,,42.61033,1.71783,H,LK,AD,,2,,,,0,,2289,Europe/Andorra,03-12-14
3039376,Estany Primer,Estany Primer,,42.52509,1.68853,H,LK,AD,,3,,,,0,,2301,Europe/Andorra,08-04-15
3039377,Canal de la Presa,Canal de la Presa,,42.57737,1.63188,H,CNL,AD,,2,,,,0,,1649,Europe/Andorra,03-12-14
3039378,Canal de la Premsa,Canal de la Premsa,,42.47482,1.48586,H,STM,AD,,6,,,,0,,951,Europe/Andorra,08-04-15
3039379,Canal Pregona,Canal Pregona,,42.57239,1.48569,H,STM,AD,,4,,,,0,,1521,Europe/Andorra,05-11-14
3039380,Canal Pregona,Canal Pregona,,42.54392,1.50449,H,STM,AD,,4,,,,0,,1446,Europe/Andorra,06-02-15
3039381,Torrent Preg√≥,Torrent Prego,,42.54684,1.59127,H,STM,AD,,2,,,,0,,1405,Europe/Andorra,06-02-15
3039382,Bosc dels Prats Sobirans,Bosc dels Prats Sobirans,,42.52555,1.47568,V,FRST,AD,,4,,,,0,,1829,Europe/Andorra,08-03-15
3039383,Planells dels Prats Nous,Planells dels Prats Nous,,42.5855,1.48386,T,UPLD,AD,,4,,,,0,,2006,Europe/Andorra,05-11-14
3039384,Bordes dels Prats Nous,Bordes dels Prats Nous,,42.58447,1.48453,S,HUT,AD,,4,,,,0,,1961,Europe/Andorra,05-11-14
3039385,Riu de Prats,Riu de Prats,,42.56017,1.59108,H,STM,AD,,2,,,,0,,1470,Europe/Andorra,06-02-15
3039386,Prats,Prats,,42.56003,1.59396,P,PPL,AD,,2,,,,0,,1578,Europe/Andorra,16-04-07
3039387,Solana de Prat Primer,Solana de Prat Primer,,42.48367,1.55339,T,SLP,AD,,8,,,,0,,2292,Europe/Andorra,06-05-15
3039388,Planell de Prat Primer,Planell de Prat Primer,,42.48331,1.54968,T,UPLD,AD,,8,,,,0,,2101,Europe/Andorra,06-05-15
3039389,Obaga de Prat Primer,Obaga de Prat Primer,,42.48165,1.54724,T,SLP,AD,,8,,,,0,,2132,Europe/Andorra,06-05-15
3039390,Font de Prat Primer,Font de Prat Primer,,42.47537,1.55223,H,SPNG,AD,,8,,,,0,,2326,Europe/Andorra,06-05-15
3039391,Collada de Prat Primer,Collada de Prat Primer,,42.47213,1.55795,T,GAP,AD,,8,,,,0,,2471,Europe/Andorra,08-04-15
3039392,Clots de Prat Primer,Clots de Prat Primer,,42.47834,1.55326,H,RVN,AD,,8,,,,0,,2270,Europe/Andorra,06-05-15
3039393,Prat Primer,Prat Primer,,42.48233,1.54981,L,AREA,AD,,8,,,,0,,2106,Europe/Andorra,06-05-15
3039394,Collada de Prat Porceller,Collada de Prat Porceller,"Collada de Prat Porceller,Collada de Prat de Porceller",42.4672,1.44163,T,PASS,AD,,0,,,,0,,1947,Europe/Andorra,08-04-15
3039395,Font del Prat de Roca,Font del Prat de Roca,,42.57779,1.58582,H,SPNG,AD,,2,,,,0,,1921,Europe/Andorra,03-12-14
3039396,Font del Prat dels Pollins,Font del Prat dels Pollins,,42.5708,1.59126,H,SPNG,AD,,2,,,,0,,1815,Europe/Andorra,03-12-14
3039397,Basers del Prat del Quart,Basers del Prat del Quart,,42.6133,1.63098,T,CLF,AD,,2,,,,0,,2140,Europe/Andorra,05-11-14
3039398,Font del Prat del Gep,Font del Prat del Gep,"Font del Prat del Gep,Font del Prat del Jep",42.57591,1.58712,H,SPNG,AD,,2,,,,0,,1888,Europe/Andorra,03-12-14
3039399,Torrent del Prat del Gaspar,Torrent del Prat del Gaspar,,42.53199,1.5721,H,STM,AD,,3,,,,0,,1233,Europe/Andorra,06-02-15
3039400,Bosc del Prat de l‚ÄôEstel,Bosc del Prat de l'Estel,,42.53853,1.46661,V,FRST,AD,,4,,,,0,,1854,Europe/Andorra,06-02-15
3039401,Riu del Prat del Comellar,Riu del Prat del Comellar,,42.58058,1.64828,H,STM,AD,,2,,,,0,,1718,Europe/Andorra,03-12-14
3039402,Solana del Prat del Bosc,Solana del Prat del Bosc,,42.57626,1.47104,T,SLP,AD,,4,,,,0,,1933,Europe/Andorra,05-11-14
3039403,Riu del Prat del Bosc,Riu del Prat del Bosc,,42.54289,1.48072,H,STM,AD,,4,,,,0,,1553,Europe/Andorra,06-02-15
